,Employment,Jan-15,Feb-15,Mar-15,Apr-15,May-15,Jun-15,Jul-15,Aug-15,Sep-15,Oct-15,Nov-15,Dec-15,Jan-16,Feb-16,Mar-16,Apr-16,May-16,Jun-16,Jul-16,Aug-16,Sep-16,Oct-16,Nov-16,Dec-16,Jan-17,Feb-17,Mar-17,Apr-17,May-17,Jun-17,Jul-17,Aug-17,Sep-17,Oct-17,Nov-17,Dec-17,Jan-18,Feb-18,Mar-18,Apr-18,May-18,Jun-18,Jul-18,Aug-18,Sep-18,Oct-18,Nov-18,Dec-18,Jan-19,Feb-19,Mar-19,Apr-19,May-19,Jun-19,Jul-19,Aug-19,Sep-19,Oct-19,Nov-19,Dec-19,Jan-20,Feb-20,Mar-20,Apr-20,May-20,Jun-20,Jul-20,Aug-20,Sep-20,Oct-20,Nov-20,Dec-20,Jan-21,Feb-21,Mar-21,Apr-21,May-21,Jun-21,Jul-21,Aug-21,Sep-21,Oct-21,Nov-21,COUNTY
0,Civilian Labor Force,21450.0,21380.0,21420.0,21410.0,21760.0,21730.0,21770.0,21640.0,21580.0,21420.0,21460.0,21380.0,21500.0,21810.0,21880.0,21370.0,21460.0,21730.0,21850.0,21650.0,21620.0,21480.0,21350.0,21110.0,21180.0,21450.0,21430.0,21250.0,21160.0,21550.0,21750.0,21560.0,21550.0,21380.0,21240.0,21100.0,20910.0,21330.0,21220.0,21030.0,20960.0,21340.0,21450.0,21080.0,21300.0,21270.0,21150.0,21230.0,21040.0,21200.0,21270.0,20840.0,20820.0,21010.0,21220.0,21010.0,20980.0,20650.0,20640.0,20490.0,20440.0,20600.0,20490.0,19680.0,19570.0,20100.0,20220.0,20080.0,19850.0,19960.0,19620.0,19860.0,19810.0,19870.0,19710.0,19470.0,19730.0,19830.0,20050.0,20100.0,19900.0,19690.0,19610.0,Tuolumne
1,Civilian Employment,19620.0,19620.0,19700.0,19860.0,20270.0,20200.0,20220.0,20210.0,20250.0,20070.0,20080.0,19980.0,19900.0,20270.0,20330.0,20000.0,20260.0,20390.0,20500.0,20360.0,20400.0,20270.0,20140.0,19820.0,19740.0,20030.0,20080.0,20070.0,20100.0,20420.0,20570.0,20430.0,20540.0,20390.0,20240.0,20070.0,19740.0,20120.0,20050.0,20030.0,20100.0,20340.0,20470.0,20150.0,20450.0,20390.0,20250.0,20240.0,19830.0,20030.0,20070.0,19880.0,19990.0,20060.0,20240.0,20110.0,20190.0,19820.0,19790.0,19600.0,19370.0,19540.0,19280.0,15760.0,16110.0,17300.0,17750.0,17930.0,17940.0,18220.0,18180.0,18070.0,17980.0,18150.0,18100.0,18000.0,18380.0,18340.0,18570.0,18680.0,18680.0,18510.0,18540.0,Tuolumne
2,Civilian Unemployment,1830.0,1770.0,1720.0,1550.0,1480.0,1530.0,1550.0,1430.0,1330.0,1360.0,1380.0,1400.0,1600.0,1540.0,1540.0,1370.0,1200.0,1340.0,1350.0,1290.0,1220.0,1210.0,1210.0,1290.0,1440.0,1430.0,1350.0,1190.0,1060.0,1140.0,1180.0,1130.0,1010.0,990.0,1000.0,1020.0,1170.0,1210.0,1170.0,1000.0,860.0,1000.0,980.0,930.0,850.0,880.0,900.0,990.0,1210.0,1170.0,1200.0,960.0,840.0,950.0,980.0,900.0,790.0,830.0,860.0,890.0,1070.0,1050.0,1210.0,3920.0,3470.0,2800.0,2470.0,2150.0,1910.0,1730.0,1440.0,1800.0,1830.0,1710.0,1610.0,1470.0,1350.0,1490.0,1480.0,1420.0,1220.0,1190.0,1070.0,Tuolumne
3,Civilian Unemployment Rate,8.5,8.3,8.0,7.2,6.8,7.0,7.1,6.6,6.2,6.3,6.4,6.5,7.5,7.0,7.0,6.4,5.6,6.2,6.2,6.0,5.6,5.6,5.6,6.1,6.8,6.7,6.3,5.6,5.0,5.3,5.4,5.2,4.7,4.6,4.7,4.8,5.6,5.7,5.5,4.8,4.1,4.7,4.6,4.4,4.0,4.1,4.3,4.6,5.8,5.5,5.6,4.6,4.0,4.5,4.6,4.3,3.8,4.0,4.2,4.3,5.2,5.1,5.9,19.9,17.7,13.9,12.2,10.7,9.6,8.7,7.4,9.0,9.2,8.6,8.2,7.6,6.8,7.5,7.4,7.0,6.1,6.0,5.4,Tuolumne
4,Civilian Labor Force,7600.0,7550.0,7610.0,7580.0,8100.0,8330.0,8300.0,8360.0,8160.0,7950.0,7620.0,7530.0,7480.0,7590.0,7600.0,7560.0,7950.0,8390.0,8380.0,8360.0,8160.0,7820.0,7520.0,7400.0,7310.0,7460.0,7530.0,7480.0,7850.0,8300.0,8430.0,8220.0,8020.0,7870.0,7410.0,7350.0,7300.0,7450.0,7500.0,7540.0,7880.0,8260.0,8450.0,8350.0,8150.0,7910.0,7560.0,7450.0,7520.0,7550.0,7530.0,7630.0,8000.0,8300.0,8460.0,8390.0,8120.0,7940.0,7660.0,7440.0,7410.0,7480.0,7660.0,7380.0,7480.0,7820.0,7870.0,7950.0,7710.0,7630.0,7160.0,7160.0,7090.0,7200.0,7230.0,7350.0,7830.0,8140.0,8220.0,8220.0,8000.0,7800.0,7400.0,Plumas
5,Civilian Employment,6490.0,6480.0,6560.0,6740.0,7350.0,7600.0,7600.0,7710.0,7590.0,7340.0,6850.0,6620.0,6400.0,6510.0,6500.0,6710.0,7300.0,7730.0,7760.0,7780.0,7630.0,7270.0,6850.0,6580.0,6340.0,6420.0,6530.0,6660.0,7220.0,7700.0,7850.0,7690.0,7560.0,7400.0,6850.0,6680.0,6500.0,6590.0,6610.0,6840.0,7370.0,7740.0,7960.0,7910.0,7770.0,7510.0,7060.0,6790.0,6640.0,6620.0,6600.0,6880.0,7490.0,7790.0,7940.0,7920.0,7730.0,7530.0,7170.0,6820.0,6610.0,6680.0,6750.0,6000.0,6470.0,6970.0,7090.0,7270.0,7110.0,7050.0,6630.0,6410.0,6240.0,6310.0,6370.0,6640.0,7240.0,7510.0,7610.0,7560.0,7460.0,7270.0,6880.0,Plumas
6,Civilian Unemployment,1120.0,1070.0,1050.0,840.0,760.0,730.0,700.0,650.0,580.0,610.0,770.0,910.0,1080.0,1090.0,1090.0,850.0,650.0,660.0,620.0,570.0,540.0,540.0,670.0,820.0,970.0,1040.0,1000.0,830.0,630.0,600.0,590.0,530.0,460.0,460.0,560.0,670.0,800.0,870.0,890.0,700.0,510.0,520.0,490.0,430.0,380.0,410.0,500.0,660.0,870.0,930.0,930.0,740.0,510.0,510.0,520.0,470.0,390.0,410.0,490.0,620.0,800.0,810.0,910.0,1380.0,1020.0,850.0,790.0,680.0,600.0,570.0,530.0,750.0,850.0,890.0,860.0,710.0,590.0,630.0,610.0,660.0,540.0,530.0,520.0,Plumas
7,Civilian Unemployment Rate,14.7,14.2,13.8,11.0,9.3,8.7,8.5,7.8,7.1,7.7,10.1,12.1,14.5,14.3,14.4,11.2,8.2,7.9,7.4,6.9,6.6,6.9,8.8,11.1,13.3,13.9,13.3,11.0,8.0,7.2,6.9,6.5,5.8,5.9,7.5,9.2,10.9,11.6,11.9,9.3,6.4,6.2,5.8,5.2,4.7,5.1,6.6,8.9,11.6,12.3,12.4,9.7,6.4,6.2,6.2,5.6,4.8,5.2,6.4,8.3,10.8,10.8,11.9,18.7,13.6,10.8,10.0,8.5,7.8,7.5,7.4,10.4,12.0,12.4,11.9,9.7,7.5,7.7,7.4,8.0,6.8,6.8,7.0,Plumas
8,Civilian Labor Force,9820.0,9760.0,9820.0,9910.0,9990.0,10090.0,9740.0,9840.0,10010.0,9840.0,9780.0,9680.0,9600.0,9630.0,9780.0,9730.0,9770.0,9970.0,9790.0,9780.0,9960.0,9850.0,9650.0,9570.0,9670.0,9710.0,9660.0,9650.0,9650.0,9740.0,9720.0,9880.0,9900.0,9780.0,9570.0,9510.0,9680.0,9760.0,9800.0,9640.0,9720.0,9840.0,9680.0,9810.0,9840.0,9740.0,9550.0,9500.0,9650.0,9620.0,9640.0,9520.0,9550.0,9690.0,9600.0,9730.0,9760.0,9760.0,9470.0,9420.0,9610.0,9540.0,9660.0,9250.0,9100.0,9400.0,9200.0,9420.0,9320.0,9400.0,9120.0,9180.0,9310.0,9320.0,9280.0,9200.0,9240.0,9390.0,9570.0,9760.0,9530.0,9500.0,9250.0,Del Norte
9,Civilian Employment,8840.0,8790.0,8860.0,9040.0,9180.0,9250.0,8890.0,9050.0,9300.0,9100.0,8990.0,8840.0,8710.0,8750.0,8900.0,8970.0,9120.0,9270.0,9070.0,9080.0,9320.0,9190.0,8950.0,8900.0,8910.0,8950.0,8940.0,9010.0,9070.0,9120.0,9100.0,9260.0,9360.0,9240.0,9000.0,8930.0,9010.0,9140.0,9190.0,9110.0,9250.0,9300.0,9130.0,9260.0,9370.0,9230.0,8990.0,8870.0,8940.0,9000.0,9040.0,9000.0,9070.0,9160.0,9030.0,9170.0,9270.0,9230.0,8920.0,8830.0,8970.0,8950.0,9000.0,7920.0,7880.0,8310.0,8180.0,8490.0,8500.0,8620.0,8430.0,8360.0,8470.0,8520.0,8510.0,8460.0,8560.0,8650.0,8850.0,9070.0,8950.0,8930.0,8740.0,Del Norte
10,Civilian Unemployment,980.0,970.0,960.0,870.0,810.0,840.0,850.0,790.0,710.0,750.0,790.0,840.0,890.0,880.0,880.0,750.0,660.0,700.0,720.0,700.0,640.0,660.0,690.0,670.0,750.0,760.0,720.0,650.0,580.0,620.0,620.0,620.0,530.0,540.0,570.0,590.0,670.0,620.0,610.0,530.0,470.0,540.0,550.0,550.0,480.0,520.0,550.0,630.0,720.0,620.0,610.0,520.0,480.0,530.0,570.0,560.0,490.0,540.0,560.0,580.0,640.0,590.0,660.0,1340.0,1220.0,1090.0,1020.0,930.0,830.0,780.0,690.0,820.0,840.0,800.0,770.0,740.0,680.0,740.0,720.0,690.0,580.0,570.0,520.0,Del Norte
11,Civilian Unemployment Rate,10.0,9.9,9.8,8.8,8.1,8.4,8.7,8.1,7.1,7.6,8.1,8.6,9.2,9.1,9.0,7.8,6.7,7.0,7.3,7.2,6.4,6.7,7.2,7.0,7.8,7.8,7.5,6.7,6.0,6.4,6.4,6.2,5.4,5.5,5.9,6.1,6.9,6.4,6.2,5.5,4.8,5.5,5.7,5.6,4.8,5.3,5.8,6.7,7.4,6.4,6.3,5.5,5.0,5.5,6.0,5.8,5.0,5.5,5.9,6.2,6.7,6.2,6.9,14.5,13.4,11.6,11.1,9.8,8.9,8.3,7.6,9.0,9.0,8.6,8.3,8.0,7.4,7.9,7.5,7.1,6.1,6.0,5.6,Del Norte
16,Civilian Labor Force,27500.0,27500.0,27700.0,27500.0,27800.0,27800.0,27900.0,28100.0,27800.0,27800.0,27700.0,27700.0,27900.0,28100.0,28300.0,27800.0,27900.0,28400.0,28300.0,28400.0,28500.0,28200.0,28000.0,28000.0,28800.0,28700.0,29000.0,28700.0,28700.0,28900.0,28600.0,28800.0,28900.0,28600.0,28600.0,28500.0,28900.0,29100.0,29300.0,29000.0,29200.0,29500.0,29300.0,29600.0,29400.0,29400.0,29100.0,29000.0,29500.0,29600.0,29800.0,29300.0,29400.0,29600.0,29600.0,29900.0,29800.0,30200.0,30000.0,30000.0,30200.0,30400.0,30600.0,30100.0,29900.0,30400.0,30200.0,29900.0,29800.0,30100.0,29400.0,29500.0,29000.0,29500.0,29200.0,29300.0,29700.0,30500.0,30400.0,30400.0,30600.0,30500.0,30400.0,Yuba
17,Civilian Employment,24300.0,24400.0,24800.0,24900.0,25200.0,25200.0,25300.0,25800.0,25600.0,25600.0,25300.0,25200.0,25100.0,25300.0,25500.0,25400.0,25700.0,25900.0,25900.0,26200.0,26300.0,26000.0,25800.0,25500.0,26100.0,26000.0,26400.0,26400.0,26700.0,26800.0,26500.0,26800.0,27100.0,26900.0,26800.0,26500.0,26700.0,26900.0,27000.0,27100.0,27600.0,27600.0,27400.0,27800.0,27800.0,27700.0,27400.0,27100.0,27200.0,27400.0,27500.0,27500.0,27800.0,27900.0,27800.0,28200.0,28300.0,28600.0,28400.0,28200.0,28000.0,28300.0,28200.0,25200.0,25600.0,26500.0,26500.0,26700.0,26700.0,27300.0,27000.0,26600.0,26100.0,26600.0,26300.0,26700.0,27200.0,27800.0,27700.0,27900.0,28400.0,28400.0,28500.0,Yuba
18,Civilian Unemployment,3100.0,3000.0,3000.0,2600.0,2500.0,2600.0,2600.0,2300.0,2200.0,2200.0,2400.0,2500.0,2800.0,2800.0,2900.0,2500.0,2200.0,2400.0,2400.0,2300.0,2200.0,2200.0,2200.0,2500.0,2700.0,2800.0,2600.0,2300.0,2000.0,2100.0,2100.0,2000.0,1800.0,1700.0,1800.0,1900.0,2200.0,2200.0,2300.0,1900.0,1600.0,1900.0,1900.0,1800.0,1600.0,1600.0,1700.0,1900.0,2400.0,2200.0,2200.0,1800.0,1600.0,1800.0,1800.0,1700.0,1500.0,1600.0,1700.0,1800.0,2200.0,2100.0,2400.0,4900.0,4400.0,3800.0,3700.0,3200.0,3000.0,2800.0,2400.0,2900.0,2900.0,2900.0,2800.0,2600.0,2400.0,2700.0,2700.0,2500.0,2200.0,2100.0,1900.0,Yuba
19,Civilian Unemployment Rate,11.5,11.1,10.7,9.6,9.1,9.4,9.2,8.3,7.8,7.9,8.7,9.0,10.1,9.8,10.1,8.8,7.8,8.6,8.5,7.9,7.6,7.7,7.9,8.9,9.4,9.6,8.8,7.9,6.9,7.3,7.4,7.0,6.2,6.0,6.4,6.8,7.7,7.6,7.7,6.5,5.6,6.5,6.5,5.9,5.4,5.6,5.9,6.7,8.0,7.5,7.5,6.2,5.5,6.0,6.2,5.8,5.1,5.2,5.6,6.1,7.3,7.0,7.9,16.4,14.6,12.7,12.2,10.8,10.1,9.3,8.3,9.8,10.1,9.9,9.7,8.8,8.2,8.9,8.8,8.3,7.2,7.0,6.4,Yuba
20,Civilian Labor Force,811500.0,813100.0,815300.0,813600.0,818500.0,818800.0,824800.0,822000.0,820300.0,822200.0,823800.0,824300.0,823100.0,828300.0,831300.0,825500.0,826700.0,830200.0,837700.0,834200.0,837300.0,837500.0,836400.0,833600.0,835800.0,838200.0,841100.0,832800.0,834200.0,836900.0,844800.0,840200.0,844000.0,839700.0,839300.0,837400.0,834500.0,840800.0,842400.0,836500.0,839100.0,841300.0,847900.0,840600.0,844100.0,843300.0,843900.0,843400.0,840500.0,845300.0,845300.0,834500.0,835900.0,837800.0,846200.0,841500.0,843700.0,841000.0,841000.0,840300.0,838000.0,842100.0,836800.0,799000.0,800600.0,813700.0,811500.0,803800.0,799200.0,812800.0,801300.0,806800.0,802200.0,811100.0,805700.0,793900.0,799600.0,803500.0,811500.0,806400.0,807100.0,810700.0,813300.0,Alameda
21,Civilian Employment,767600.0,771600.0,774300.0,775700.0,780300.0,778200.0,782600.0,782200.0,783900.0,785100.0,787500.0,789700.0,786300.0,791800.0,794000.0,790800.0,794600.0,792300.0,798600.0,796200.0,801400.0,801700.0,803100.0,801500.0,799900.0,804300.0,808200.0,803100.0,805600.0,803900.0,810300.0,806500.0,814900.0,811700.0,812000.0,811500.0,805900.0,813300.0,815700.0,812800.0,817200.0,813700.0,820400.0,813700.0,819700.0,818200.0,819100.0,818600.0,811200.0,819100.0,818300.0,812200.0,813900.0,811300.0,818100.0,814700.0,820700.0,816800.0,816800.0,817500.0,811700.0,817400.0,807500.0,682000.0,689800.0,708200.0,714400.0,718900.0,721800.0,744300.0,746600.0,746400.0,744200.0,756500.0,754200.0,744100.0,752100.0,750200.0,759100.0,756200.0,764800.0,770600.0,778800.0,Alameda
22,Civilian Unemployment,43900.0,41600.0,41000.0,37900.0,38100.0,40500.0,42100.0,39800.0,36400.0,37100.0,36300.0,34600.0,36800.0,36600.0,37400.0,34700.0,32000.0,37900.0,39100.0,38000.0,35900.0,35700.0,33300.0,32100.0,35900.0,33900.0,32800.0,29700.0,28700.0,33000.0,34500.0,33700.0,29200.0,28000.0,27300.0,25800.0,28600.0,27500.0,26600.0,23700.0,21900.0,27600.0,27600.0,26800.0,24300.0,25100.0,24800.0,24900.0,29300.0,26100.0,27100.0,22200.0,22000.0,26400.0,28000.0,26800.0,23100.0,24200.0,24200.0,22900.0,26200.0,24800.0,29300.0,117000.0,110900.0,105400.0,97100.0,84900.0,77400.0,68500.0,54700.0,60400.0,58000.0,54600.0,51500.0,49800.0,47500.0,53300.0,52400.0,50200.0,42300.0,40100.0,34600.0,Alameda
23,Civilian Unemployment Rate,5.4,5.1,5.0,4.7,4.7,5.0,5.1,4.8,4.4,4.5,4.4,4.2,4.5,4.4,4.5,4.2,3.9,4.6,4.7,4.6,4.3,4.3,4.0,3.9,4.3,4.0,3.9,3.6,3.4,3.9,4.1,4.0,3.5,3.3,3.3,3.1,3.4,3.3,3.2,2.8,2.6,3.3,3.3,3.2,2.9,3.0,2.9,2.9,3.5,3.1,3.2,2.7,2.6,3.2,3.3,3.2,2.7,2.9,2.9,2.7,3.1,2.9,3.5,14.6,13.8,13.0,12.0,10.6,9.7,8.4,6.8,7.5,7.2,6.7,6.4,6.3,5.9,6.6,6.5,6.2,5.2,5.0,4.3,Alameda
24,Civilian Labor Force,7540.0,7400.0,7520.0,7750.0,8200.0,8640.0,8710.0,8700.0,8590.0,7980.0,7630.0,7480.0,7360.0,7310.0,7130.0,7200.0,7470.0,8040.0,8190.0,8090.0,7930.0,7580.0,7300.0,7210.0,6990.0,7060.0,7130.0,7430.0,7740.0,8160.0,8350.0,8310.0,8170.0,7900.0,7410.0,7260.0,7330.0,7350.0,7430.0,7550.0,7790.0,8100.0,8030.0,7880.0,7960.0,7780.0,7410.0,7200.0,7130.0,7330.0,7370.0,7360.0,7660.0,7780.0,8120.0,8040.0,8040.0,7830.0,7560.0,7230.0,7450.0,7500.0,7520.0,7150.0,7100.0,7410.0,7360.0,7230.0,7070.0,6990.0,6610.0,6560.0,6760.0,6710.0,6680.0,6810.0,7200.0,7730.0,7950.0,7820.0,7730.0,7520.0,7170.0,Mariposa
25,Civilian Employment,6750.0,6620.0,6780.0,7180.0,7680.0,8140.0,8200.0,8240.0,8170.0,7520.0,7090.0,6890.0,6680.0,6670.0,6460.0,6660.0,7010.0,7570.0,7720.0,7640.0,7520.0,7150.0,6830.0,6670.0,6390.0,6450.0,6570.0,6970.0,7330.0,7750.0,7940.0,7920.0,7820.0,7540.0,7010.0,6810.0,6830.0,6810.0,6900.0,7140.0,7440.0,7710.0,7660.0,7450.0,7660.0,7440.0,7050.0,6790.0,6620.0,6830.0,6900.0,7010.0,7370.0,7460.0,7800.0,7750.0,7780.0,7550.0,7240.0,6900.0,7000.0,7050.0,7020.0,5690.0,5750.0,6350.0,6520.0,6510.0,6400.0,6370.0,6060.0,5850.0,5950.0,6030.0,6050.0,6260.0,6700.0,7180.0,7420.0,7320.0,7290.0,7100.0,6770.0,Mariposa
26,Civilian Unemployment,790.0,790.0,750.0,570.0,530.0,510.0,510.0,460.0,430.0,460.0,540.0,590.0,680.0,640.0,670.0,540.0,460.0,470.0,480.0,450.0,420.0,430.0,470.0,530.0,600.0,610.0,560.0,460.0,400.0,410.0,410.0,400.0,340.0,360.0,400.0,460.0,510.0,540.0,530.0,410.0,340.0,380.0,370.0,440.0,300.0,340.0,360.0,420.0,520.0,500.0,480.0,360.0,290.0,320.0,320.0,290.0,260.0,280.0,310.0,330.0,450.0,450.0,510.0,1460.0,1350.0,1050.0,830.0,720.0,670.0,610.0,550.0,710.0,810.0,680.0,620.0,550.0,510.0,550.0,530.0,510.0,430.0,420.0,400.0,Mariposa
27,Civilian Unemployment Rate,10.5,10.6,9.9,7.3,6.4,5.9,5.8,5.3,5.0,5.8,7.0,7.8,9.3,8.8,9.4,7.5,6.2,5.9,5.8,5.5,5.2,5.7,6.4,7.4,8.6,8.7,7.9,6.2,5.2,5.0,4.9,4.8,4.2,4.5,5.4,6.3,6.9,7.4,7.1,5.5,4.4,4.7,4.6,5.5,3.8,4.3,4.9,5.8,7.2,6.8,6.4,4.8,3.8,4.1,3.9,3.7,3.2,3.6,4.2,4.6,6.0,5.9,6.7,20.4,19.1,14.2,11.3,10.0,9.5,8.8,8.4,10.8,12.0,10.1,9.3,8.1,7.0,7.1,6.7,6.5,5.6,5.6,5.5,Mariposa
28,Civilian Labor Force,681900.0,681900.0,683100.0,679900.0,683200.0,686300.0,689400.0,685500.0,683600.0,685800.0,686900.0,687500.0,689900.0,693500.0,695400.0,688600.0,689800.0,695400.0,700000.0,697600.0,697100.0,694600.0,693600.0,692000.0,694600.0,695600.0,697200.0,692400.0,692800.0,697100.0,702400.0,698400.0,700600.0,697600.0,697700.0,696900.0,698000.0,701900.0,701900.0,697800.0,700500.0,705200.0,710900.0,705600.0,707200.0,706700.0,707200.0,707400.0,711100.0,712900.0,713100.0,703200.0,704600.0,707100.0,714100.0,711700.0,712100.0,713000.0,711000.0,708000.0,711000.0,713800.0,712300.0,695800.0,694900.0,708600.0,711800.0,704300.0,702800.0,716900.0,705200.0,708900.0,706900.0,714100.0,707600.0,699800.0,702600.0,710300.0,716200.0,713600.0,712700.0,715100.0,715700.0,Sacramento
29,Civilian Employment,635000.0,637200.0,639300.0,639500.0,642900.0,643600.0,645600.0,644300.0,645300.0,647100.0,648900.0,650800.0,650700.0,654900.0,655600.0,652100.0,656100.0,656000.0,659700.0,658500.0,659600.0,657500.0,658500.0,657200.0,656100.0,658500.0,661500.0,660300.0,662700.0,663000.0,667000.0,664100.0,670300.0,668500.0,669000.0,669300.0,667300.0,672200.0,672800.0,672300.0,677200.0,676100.0,681800.0,677400.0,681800.0,680600.0,681300.0,680600.0,679600.0,684500.0,683800.0,679000.0,681400.0,679500.0,685000.0,684100.0,688300.0,688000.0,685900.0,683500.0,682800.0,687200.0,681600.0,592000.0,595200.0,617400.0,625800.0,627600.0,632400.0,653800.0,653600.0,650100.0,649300.0,659400.0,655900.0,650100.0,655200.0,657300.0,663900.0,663600.0,669400.0,673300.0,679200.0,Sacramento
30,Civilian Unemployment,46800.0,44700.0,43800.0,40300.0,40200.0,42700.0,43800.0,41100.0,38300.0,38700.0,38100.0,36800.0,39300.0,38600.0,39800.0,36500.0,33700.0,39500.0,40300.0,39100.0,37500.0,37200.0,35100.0,34900.0,38500.0,37200.0,35700.0,32100.0,30100.0,34100.0,35300.0,34300.0,30300.0,29100.0,28700.0,27600.0,30700.0,29700.0,29100.0,25600.0,23300.0,29000.0,29100.0,28200.0,25400.0,26100.0,25800.0,26800.0,31500.0,28400.0,29300.0,24200.0,23200.0,27700.0,29100.0,27600.0,23800.0,25000.0,25100.0,24500.0,28200.0,26600.0,30700.0,103800.0,99700.0,91200.0,85900.0,76700.0,70400.0,63100.0,51600.0,58800.0,57500.0,54700.0,51600.0,49700.0,47400.0,53000.0,52300.0,50100.0,43300.0,41800.0,36500.0,Sacramento
31,Civilian Unemployment Rate,6.9,6.6,6.4,5.9,5.9,6.2,6.4,6.0,5.6,5.6,5.5,5.4,5.7,5.6,5.7,5.3,4.9,5.7,5.8,5.6,5.4,5.4,5.1,5.0,5.5,5.3,5.1,4.6,4.4,4.9,5.0,4.9,4.3,4.2,4.1,4.0,4.4,4.2,4.1,3.7,3.3,4.1,4.1,4.0,3.6,3.7,3.7,3.8,4.4,4.0,4.1,3.4,3.3,3.9,4.1,3.9,3.3,3.5,3.5,3.5,4.0,3.7,4.3,14.9,14.3,12.9,12.1,10.9,10.0,8.8,7.3,8.3,8.1,7.7,7.3,7.1,6.7,7.5,7.3,7.0,6.1,5.8,5.1,Sacramento
44,Civilian Labor Force,29600.0,29700.0,29800.0,29700.0,29800.0,29900.0,29900.0,29800.0,29600.0,29800.0,29700.0,29700.0,30300.0,30500.0,30700.0,30400.0,30400.0,30700.0,30600.0,30500.0,30400.0,30500.0,30300.0,30100.0,30100.0,30400.0,30600.0,30600.0,30600.0,30800.0,31200.0,30900.0,30700.0,30600.0,30500.0,30300.0,30800.0,31300.0,31300.0,31100.0,31100.0,31400.0,31600.0,31100.0,31100.0,31300.0,31200.0,31200.0,32200.0,32500.0,32500.0,32000.0,31900.0,32100.0,32500.0,32200.0,32100.0,32400.0,32400.0,32200.0,32300.0,32500.0,32500.0,32600.0,31500.0,31400.0,31400.0,30900.0,30500.0,31200.0,30700.0,30700.0,30900.0,31400.0,31200.0,31000.0,31100.0,31400.0,31800.0,31500.0,31500.0,31800.0,31700.0,San Benito
45,Civilian Employment,26800.0,27000.0,27100.0,27300.0,27500.0,27700.0,27800.0,27800.0,27800.0,27900.0,27600.0,27500.0,27800.0,28000.0,28200.0,28200.0,28500.0,28700.0,28700.0,28600.0,28600.0,28700.0,28500.0,28100.0,27900.0,28100.0,28400.0,28700.0,28900.0,29100.0,29500.0,29300.0,29300.0,29200.0,29000.0,28700.0,28900.0,29300.0,29300.0,29500.0,29700.0,29800.0,30100.0,29700.0,29800.0,29900.0,29800.0,29500.0,30200.0,30400.0,30400.0,30400.0,30500.0,30500.0,30900.0,30800.0,30900.0,31100.0,30900.0,30600.0,30300.0,30600.0,30200.0,26500.0,26800.0,27400.0,27800.0,27900.0,27800.0,28700.0,28600.0,28100.0,28100.0,28700.0,28700.0,28700.0,28900.0,29000.0,29500.0,29400.0,29600.0,29900.0,29900.0,San Benito
46,Civilian Unemployment,2800.0,2700.0,2700.0,2400.0,2300.0,2200.0,2100.0,2000.0,1800.0,1900.0,2100.0,2200.0,2400.0,2400.0,2500.0,2100.0,1900.0,2000.0,1900.0,1900.0,1800.0,1700.0,1800.0,2000.0,2200.0,2300.0,2200.0,1900.0,1700.0,1700.0,1700.0,1600.0,1400.0,1400.0,1500.0,1700.0,1900.0,2000.0,2000.0,1600.0,1400.0,1600.0,1500.0,1400.0,1300.0,1300.0,1400.0,1700.0,2100.0,2100.0,2100.0,1600.0,1400.0,1500.0,1600.0,1400.0,1200.0,1400.0,1500.0,1600.0,2000.0,1900.0,2300.0,6100.0,4700.0,4000.0,3500.0,3000.0,2700.0,2500.0,2100.0,2600.0,2800.0,2700.0,2600.0,2400.0,2200.0,2400.0,2300.0,2200.0,1900.0,1900.0,1700.0,San Benito
47,Civilian Unemployment Rate,9.3,9.1,9.0,8.2,7.8,7.5,7.1,6.6,6.1,6.4,6.9,7.3,8.1,7.9,8.1,7.1,6.3,6.6,6.3,6.1,5.8,5.7,5.9,6.5,7.4,7.5,7.3,6.1,5.5,5.7,5.5,5.2,4.6,4.6,5.0,5.5,6.1,6.3,6.3,5.3,4.7,5.1,4.9,4.5,4.0,4.2,4.5,5.4,6.4,6.3,6.4,5.1,4.5,4.8,4.9,4.4,3.9,4.3,4.5,5.1,6.2,5.9,7.0,18.8,14.9,12.7,11.3,9.6,8.9,7.9,6.9,8.5,8.9,8.6,8.2,7.6,7.1,7.6,7.1,6.8,5.9,5.9,5.4,San Benito
52,Civilian Labor Force,3140.0,3110.0,3220.0,3340.0,3360.0,3520.0,3480.0,3420.0,3390.0,3360.0,3190.0,3100.0,3110.0,3110.0,3250.0,3300.0,3330.0,3500.0,3410.0,3360.0,3330.0,3400.0,3260.0,3140.0,3150.0,3150.0,3150.0,3170.0,3250.0,3320.0,3260.0,3290.0,3240.0,3250.0,3090.0,3030.0,3070.0,3090.0,3080.0,3090.0,3200.0,3300.0,3190.0,3230.0,3230.0,3240.0,3090.0,3060.0,3070.0,3090.0,3080.0,3100.0,3220.0,3350.0,3280.0,3270.0,3190.0,3260.0,3170.0,3030.0,3050.0,3100.0,3220.0,3170.0,3080.0,3220.0,3210.0,3190.0,3210.0,3320.0,3160.0,3110.0,3120.0,3150.0,3230.0,3280.0,3350.0,3440.0,3420.0,3450.0,3390.0,3460.0,3330.0,Modoc
53,Civilian Employment,2770.0,2750.0,2880.0,3060.0,3090.0,3250.0,3210.0,3170.0,3170.0,3120.0,2940.0,2820.0,2790.0,2790.0,2920.0,3050.0,3120.0,3270.0,3180.0,3150.0,3110.0,3170.0,3010.0,2860.0,2780.0,2780.0,2800.0,2900.0,3020.0,3090.0,3040.0,3080.0,3060.0,3060.0,2850.0,2750.0,2730.0,2740.0,2750.0,2840.0,3000.0,3090.0,2990.0,3040.0,3060.0,3070.0,2890.0,2790.0,2710.0,2750.0,2750.0,2860.0,3040.0,3160.0,3070.0,3080.0,3040.0,3110.0,2980.0,2800.0,2740.0,2810.0,2890.0,2750.0,2770.0,2940.0,2960.0,2980.0,3010.0,3120.0,2970.0,2850.0,2830.0,2850.0,2940.0,3040.0,3150.0,3230.0,3210.0,3250.0,3220.0,3290.0,3170.0,Modoc
54,Civilian Unemployment,370.0,360.0,340.0,280.0,270.0,270.0,270.0,250.0,230.0,240.0,250.0,280.0,330.0,320.0,330.0,260.0,220.0,230.0,230.0,210.0,210.0,230.0,250.0,280.0,370.0,370.0,350.0,270.0,230.0,230.0,220.0,210.0,190.0,190.0,240.0,280.0,340.0,340.0,330.0,250.0,200.0,210.0,200.0,190.0,170.0,170.0,200.0,270.0,360.0,330.0,330.0,240.0,180.0,190.0,200.0,180.0,150.0,160.0,190.0,230.0,310.0,300.0,330.0,420.0,310.0,280.0,250.0,210.0,200.0,200.0,190.0,260.0,290.0,300.0,290.0,240.0,190.0,210.0,210.0,200.0,170.0,160.0,150.0,Modoc
55,Civilian Unemployment Rate,11.9,11.4,10.6,8.5,8.1,7.6,7.9,7.2,6.7,7.1,7.8,9.1,10.5,10.3,10.0,7.7,6.4,6.6,6.8,6.4,6.4,6.8,7.6,9.0,11.6,11.7,11.0,8.5,7.0,6.9,6.9,6.4,5.7,5.9,7.6,9.2,11.1,11.1,10.7,8.1,6.3,6.4,6.4,5.9,5.3,5.3,6.6,8.8,11.7,10.8,10.6,7.9,5.7,5.8,6.1,5.5,4.7,4.9,5.9,7.6,10.1,9.6,10.2,13.2,10.1,8.7,7.8,6.7,6.1,5.9,5.9,8.3,9.4,9.5,9.1,7.3,5.8,6.0,6.1,5.7,4.9,4.7,4.6,Modoc
56,Civilian Labor Force,39740.0,39740.0,40000.0,40040.0,40350.0,40450.0,39580.0,40130.0,39730.0,39620.0,39280.0,39290.0,39260.0,39660.0,40310.0,39580.0,39720.0,40270.0,39740.0,39900.0,39670.0,39410.0,38880.0,39010.0,39270.0,39680.0,39810.0,39360.0,39590.0,40010.0,39710.0,40020.0,39970.0,39480.0,38830.0,39010.0,38930.0,39420.0,39440.0,39240.0,39560.0,39230.0,39800.0,39910.0,39640.0,39930.0,39420.0,38960.0,38680.0,38810.0,39030.0,38620.0,38640.0,38770.0,38850.0,38760.0,38810.0,38690.0,38120.0,38070.0,38160.0,38220.0,38580.0,36600.0,35940.0,37100.0,36750.0,36870.0,36800.0,37000.0,35950.0,36220.0,36210.0,36730.0,36470.0,35960.0,36350.0,36670.0,36980.0,36690.0,36930.0,36740.0,36400.0,Mendocino
57,Civilian Employment,36850.0,36970.0,37270.0,37720.0,38220.0,38200.0,37340.0,38020.0,37800.0,37570.0,37090.0,36960.0,36710.0,37250.0,37800.0,37500.0,37970.0,38300.0,37730.0,37920.0,37830.0,37500.0,36860.0,36880.0,36960.0,37490.0,37680.0,37470.0,38040.0,38280.0,37920.0,38300.0,38480.0,37980.0,37230.0,37330.0,37040.0,37570.0,37580.0,37660.0,38300.0,37680.0,38280.0,38410.0,38270.0,38500.0,37920.0,37230.0,36610.0,36850.0,37080.0,37050.0,37360.0,37300.0,37310.0,37320.0,37580.0,37390.0,36720.0,36540.0,36300.0,36440.0,36530.0,30900.0,31050.0,32660.0,32750.0,33370.0,33620.0,34110.0,33530.0,33410.0,33410.0,34030.0,33900.0,33630.0,34220.0,34310.0,34640.0,34470.0,35060.0,34890.0,34670.0,Mendocino
58,Civilian Unemployment,2890.0,2770.0,2740.0,2320.0,2140.0,2250.0,2250.0,2110.0,1930.0,2050.0,2190.0,2330.0,2550.0,2420.0,2510.0,2070.0,1740.0,1970.0,2010.0,1980.0,1840.0,1910.0,2020.0,2130.0,2320.0,2190.0,2140.0,1900.0,1550.0,1740.0,1790.0,1720.0,1490.0,1500.0,1590.0,1680.0,1890.0,1850.0,1860.0,1580.0,1270.0,1550.0,1520.0,1500.0,1370.0,1420.0,1500.0,1730.0,2060.0,1960.0,1950.0,1580.0,1280.0,1470.0,1540.0,1440.0,1230.0,1290.0,1400.0,1520.0,1860.0,1780.0,2050.0,5700.0,4900.0,4440.0,4000.0,3500.0,3180.0,2880.0,2420.0,2810.0,2800.0,2710.0,2580.0,2330.0,2130.0,2360.0,2330.0,2230.0,1870.0,1850.0,1730.0,Mendocino
59,Civilian Unemployment Rate,7.3,7.0,6.8,5.8,5.3,5.6,5.7,5.3,4.9,5.2,5.6,5.9,6.5,6.1,6.2,5.2,4.4,4.9,5.1,5.0,4.6,4.9,5.2,5.4,5.9,5.5,5.4,4.8,3.9,4.3,4.5,4.3,3.7,3.8,4.1,4.3,4.9,4.7,4.7,4.0,3.2,4.0,3.8,3.8,3.5,3.6,3.8,4.4,5.3,5.1,5.0,4.1,3.3,3.8,4.0,3.7,3.2,3.3,3.7,4.0,4.9,4.6,5.3,15.6,13.6,12.0,10.9,9.5,8.6,7.8,6.7,7.7,7.7,7.4,7.1,6.5,5.9,6.4,6.3,6.1,5.1,5.0,4.7,Mendocino
60,Civilian Labor Force,1002100.0,1005500.0,1005100.0,1004100.0,1010300.0,1014700.0,1018500.0,1016200.0,1014800.0,1019500.0,1018100.0,1017600.0,1020200.0,1025600.0,1027400.0,1020200.0,1023400.0,1031000.0,1035700.0,1032300.0,1031700.0,1030200.0,1030000.0,1027300.0,1033600.0,1036900.0,1038300.0,1030900.0,1031900.0,1038500.0,1050600.0,1043000.0,1043000.0,1036700.0,1038000.0,1034800.0,1030500.0,1039000.0,1039400.0,1033300.0,1037600.0,1045700.0,1054500.0,1043600.0,1044600.0,1046600.0,1048300.0,1046400.0,1045900.0,1051800.0,1051600.0,1036400.0,1038100.0,1042700.0,1055300.0,1050400.0,1050200.0,1052500.0,1052000.0,1051700.0,1050100.0,1055200.0,1046300.0,1007200.0,1006200.0,1017300.0,1017500.0,1009000.0,1000200.0,1019000.0,1009900.0,1010500.0,1004000.0,1019200.0,1011200.0,1002900.0,1008200.0,1014100.0,1028300.0,1024200.0,1027100.0,1034600.0,1037100.0,Santa Clara
61,Civilian Employment,954300.0,960300.0,960700.0,963000.0,969200.0,971100.0,973600.0,973900.0,975500.0,979200.0,978500.0,980100.0,980700.0,985800.0,986700.0,982300.0,988700.0,990200.0,993800.0,991300.0,992400.0,991100.0,993500.0,992200.0,994600.0,999500.0,1002500.0,998600.0,1000700.0,1002800.0,1013600.0,1007200.0,1011600.0,1006600.0,1008200.0,1006700.0,999400.0,1008900.0,1010300.0,1007500.0,1014100.0,1015900.0,1025200.0,1015100.0,1018600.0,1020000.0,1022300.0,1020100.0,1015100.0,1024100.0,1022700.0,1012900.0,1015200.0,1014800.0,1026100.0,1022300.0,1025700.0,1026800.0,1026100.0,1027200.0,1022000.0,1028300.0,1014900.0,884600.0,892600.0,912500.0,922700.0,927000.0,926100.0,953500.0,957200.0,950900.0,947000.0,965100.0,960100.0,953500.0,961200.0,961700.0,977500.0,975500.0,986900.0,996400.0,1004200.0,Santa Clara
62,Civilian Unemployment,47800.0,45200.0,44500.0,41100.0,41100.0,43600.0,45000.0,42300.0,39300.0,40300.0,39500.0,37500.0,39500.0,39800.0,40700.0,37900.0,34700.0,40900.0,41900.0,41100.0,39300.0,39200.0,36500.0,35000.0,39100.0,37400.0,35800.0,32300.0,31100.0,35800.0,37000.0,35800.0,31500.0,30100.0,29800.0,28100.0,31000.0,30200.0,29100.0,25800.0,23500.0,29900.0,29300.0,28500.0,26000.0,26600.0,26000.0,26300.0,30800.0,27700.0,28900.0,23400.0,22900.0,28000.0,29200.0,28000.0,24500.0,25700.0,25900.0,24600.0,28100.0,26800.0,31400.0,122500.0,113600.0,104800.0,94800.0,82000.0,74100.0,65500.0,52700.0,59600.0,57000.0,54200.0,51100.0,49400.0,47000.0,52400.0,50800.0,48600.0,40200.0,38200.0,32900.0,Santa Clara
63,Civilian Unemployment Rate,4.8,4.5,4.4,4.1,4.1,4.3,4.4,4.2,3.9,4.0,3.9,3.7,3.9,3.9,4.0,3.7,3.4,4.0,4.0,4.0,3.8,3.8,3.5,3.4,3.8,3.6,3.5,3.1,3.0,3.4,3.5,3.4,3.0,2.9,2.9,2.7,3.0,2.9,2.8,2.5,2.3,2.9,2.8,2.7,2.5,2.5,2.5,2.5,2.9,2.6,2.7,2.3,2.2,2.7,2.8,2.7,2.3,2.4,2.5,2.3,2.7,2.5,3.0,12.2,11.3,10.3,9.3,8.1,7.4,6.4,5.2,5.9,5.7,5.3,5.1,4.9,4.7,5.2,4.9,4.7,3.9,3.7,3.2,Santa Clara
64,Civilian Labor Force,10740.0,10900.0,10790.0,10760.0,11120.0,11180.0,11530.0,11630.0,11490.0,11200.0,10600.0,10690.0,10790.0,10960.0,11070.0,10940.0,11050.0,11160.0,11060.0,10990.0,10900.0,10820.0,10610.0,10550.0,10540.0,10680.0,10820.0,10450.0,10660.0,10720.0,10850.0,11090.0,11060.0,11350.0,10850.0,10830.0,10610.0,11130.0,11210.0,10950.0,11150.0,11030.0,10950.0,10850.0,10830.0,10520.0,10600.0,10400.0,10660.0,11020.0,11010.0,11150.0,11170.0,10920.0,10890.0,11410.0,10990.0,11130.0,10740.0,10610.0,10610.0,10830.0,11260.0,10890.0,10140.0,10070.0,10340.0,10460.0,10320.0,10610.0,10200.0,10280.0,10260.0,10620.0,10510.0,10700.0,11040.0,11080.0,11220.0,11390.0,11200.0,11180.0,10630.0,Colusa
65,Civilian Employment,8200.0,8390.0,8450.0,8990.0,9620.0,9720.0,10210.0,10490.0,10450.0,10000.0,8920.0,8670.0,8290.0,8520.0,8700.0,9140.0,9680.0,9720.0,9710.0,9860.0,9840.0,9620.0,8940.0,8460.0,8210.0,8190.0,8500.0,8670.0,9320.0,9420.0,9600.0,10050.0,10160.0,10440.0,9560.0,9180.0,8650.0,8960.0,9050.0,9290.0,9930.0,9780.0,9760.0,9920.0,10020.0,9610.0,9280.0,8680.0,8540.0,8790.0,8780.0,9460.0,10000.0,9730.0,9770.0,10480.0,10210.0,10260.0,9550.0,9020.0,8490.0,8640.0,8850.0,8100.0,8170.0,8430.0,8950.0,9340.0,9290.0,9630.0,9170.0,8840.0,8620.0,8880.0,8870.0,9320.0,9800.0,9770.0,10050.0,10340.0,10280.0,10250.0,9530.0,Colusa
66,Civilian Unemployment,2540.0,2510.0,2340.0,1770.0,1490.0,1470.0,1320.0,1140.0,1040.0,1200.0,1670.0,2020.0,2510.0,2440.0,2370.0,1800.0,1370.0,1440.0,1350.0,1130.0,1060.0,1190.0,1670.0,2100.0,2340.0,2480.0,2330.0,1780.0,1340.0,1310.0,1250.0,1030.0,900.0,910.0,1290.0,1660.0,1970.0,2160.0,2160.0,1660.0,1220.0,1260.0,1180.0,930.0,800.0,910.0,1320.0,1730.0,2120.0,2230.0,2230.0,1700.0,1170.0,1190.0,1120.0,930.0,780.0,870.0,1190.0,1590.0,2120.0,2190.0,2410.0,2800.0,1970.0,1640.0,1390.0,1120.0,1030.0,970.0,1030.0,1440.0,1640.0,1730.0,1640.0,1380.0,1240.0,1320.0,1170.0,1050.0,920.0,940.0,1100.0,Colusa
67,Civilian Unemployment Rate,23.7,23.0,21.7,16.4,13.4,13.1,11.4,9.8,9.1,10.7,15.8,18.9,23.2,22.3,21.4,16.5,12.4,12.9,12.2,10.3,9.7,11.0,15.8,19.9,22.2,23.3,21.5,17.0,12.5,12.2,11.5,9.3,8.1,8.0,11.9,15.3,18.5,19.5,19.3,15.1,11.0,11.4,10.8,8.6,7.4,8.7,12.5,16.6,19.9,20.2,20.3,15.2,10.5,10.9,10.3,8.1,7.1,7.8,11.1,14.9,20.0,20.2,21.4,25.7,19.4,16.2,13.5,10.7,10.0,9.2,10.1,14.0,16.0,16.3,15.6,12.9,11.2,11.9,10.4,9.2,8.2,8.4,10.3,Colusa
68,Civilian Labor Force,9070.0,9040.0,9080.0,9050.0,9170.0,9280.0,9290.0,9210.0,9150.0,8930.0,8860.0,8860.0,8840.0,8900.0,8950.0,8790.0,8860.0,8960.0,9040.0,8980.0,8920.0,8760.0,8720.0,8600.0,8640.0,8670.0,8650.0,8510.0,8540.0,8620.0,8790.0,8720.0,8730.0,8600.0,8430.0,8440.0,8550.0,8620.0,8650.0,8570.0,8640.0,8850.0,8880.0,8840.0,8790.0,8740.0,8670.0,8660.0,8660.0,8700.0,8690.0,8600.0,8660.0,8780.0,8920.0,8910.0,8840.0,8810.0,8780.0,8680.0,8620.0,8610.0,8580.0,7940.0,8030.0,8500.0,8350.0,8220.0,8160.0,8290.0,8180.0,8180.0,8270.0,8340.0,8300.0,8130.0,8190.0,8270.0,8380.0,8290.0,8240.0,8220.0,8190.0,Inyo
69,Civilian Employment,8430.0,8420.0,8480.0,8530.0,8680.0,8770.0,8750.0,8720.0,8700.0,8460.0,8350.0,8350.0,8280.0,8350.0,8410.0,8320.0,8440.0,8490.0,8570.0,8540.0,8490.0,8340.0,8300.0,8150.0,8180.0,8210.0,8210.0,8120.0,8200.0,8260.0,8390.0,8350.0,8400.0,8270.0,8090.0,8100.0,8170.0,8230.0,8260.0,8240.0,8350.0,8510.0,8540.0,8510.0,8490.0,8440.0,8330.0,8290.0,8240.0,8300.0,8300.0,8290.0,8400.0,8470.0,8610.0,8620.0,8590.0,8550.0,8500.0,8390.0,8270.0,8270.0,8200.0,6760.0,7030.0,7610.0,7580.0,7570.0,7550.0,7720.0,7710.0,7630.0,7700.0,7790.0,7770.0,7640.0,7750.0,7770.0,7880.0,7810.0,7840.0,7830.0,7840.0,Inyo
70,Civilian Unemployment,640.0,620.0,600.0,520.0,490.0,510.0,530.0,490.0,460.0,480.0,510.0,510.0,560.0,550.0,530.0,470.0,420.0,470.0,470.0,440.0,430.0,420.0,430.0,440.0,460.0,470.0,440.0,390.0,340.0,360.0,390.0,370.0,330.0,330.0,340.0,340.0,380.0,390.0,390.0,330.0,290.0,340.0,340.0,320.0,300.0,310.0,330.0,370.0,430.0,390.0,400.0,310.0,260.0,310.0,320.0,290.0,250.0,260.0,280.0,280.0,350.0,340.0,380.0,1180.0,1000.0,880.0,780.0,660.0,620.0,570.0,470.0,550.0,570.0,550.0,530.0,490.0,450.0,500.0,500.0,480.0,400.0,390.0,350.0,Inyo
71,Civilian Unemployment Rate,7.1,6.9,6.6,5.7,5.4,5.5,5.7,5.3,5.0,5.3,5.8,5.7,6.4,6.2,6.0,5.3,4.7,5.2,5.2,4.9,4.8,4.8,4.9,5.1,5.3,5.4,5.1,4.6,4.0,4.2,4.5,4.2,3.8,3.8,4.0,4.0,4.4,4.5,4.5,3.8,3.4,3.8,3.9,3.6,3.4,3.5,3.9,4.3,4.9,4.5,4.5,3.6,3.0,3.5,3.5,3.3,2.8,3.0,3.2,3.3,4.0,3.9,4.4,14.9,12.5,10.4,9.3,8.0,7.5,6.8,5.8,6.7,6.9,6.6,6.4,6.0,5.5,6.0,6.0,5.8,4.8,4.7,4.3,Inyo
84,Civilian Labor Force,48790.0,48350.0,48140.0,47530.0,48010.0,48320.0,47890.0,48390.0,47650.0,47450.0,47610.0,47950.0,48600.0,48710.0,48630.0,47650.0,47320.0,48080.0,48010.0,48630.0,48250.0,48000.0,47760.0,48110.0,48450.0,48830.0,48520.0,47820.0,47530.0,48510.0,48170.0,48940.0,48600.0,48160.0,47920.0,48400.0,48690.0,48860.0,48760.0,47940.0,47950.0,48510.0,48370.0,48750.0,48630.0,48700.0,48730.0,48900.0,49240.0,49110.0,49060.0,48300.0,47750.0,48240.0,48440.0,48290.0,48050.0,48020.0,47970.0,48250.0,48770.0,48780.0,48240.0,44240.0,44450.0,46210.0,46270.0,46230.0,45830.0,46610.0,45650.0,46600.0,46760.0,47030.0,46550.0,45400.0,45650.0,46570.0,47110.0,47900.0,47750.0,47750.0,47860.0,Nevada
85,Civilian Employment,45760.0,45450.0,45270.0,44840.0,45400.0,45680.0,45180.0,45890.0,45340.0,45070.0,45180.0,45590.0,46040.0,46200.0,46090.0,45380.0,45220.0,45750.0,45630.0,46320.0,46060.0,45820.0,45600.0,45960.0,46030.0,46470.0,46340.0,45870.0,45710.0,46480.0,46070.0,46870.0,46770.0,46410.0,46170.0,46670.0,46780.0,46960.0,46860.0,46300.0,46440.0,46720.0,46610.0,47060.0,47070.0,47110.0,47100.0,47210.0,47210.0,47230.0,47140.0,46740.0,46310.0,46590.0,46720.0,46660.0,46660.0,46520.0,46450.0,46730.0,46940.0,47030.0,46220.0,37410.0,38640.0,41060.0,41620.0,42260.0,42290.0,43450.0,43040.0,43490.0,43620.0,44050.0,43730.0,42750.0,43190.0,43800.0,44390.0,45250.0,45520.0,45590.0,45970.0,Nevada
86,Civilian Unemployment,3030.0,2910.0,2870.0,2690.0,2600.0,2650.0,2720.0,2500.0,2310.0,2380.0,2430.0,2360.0,2560.0,2510.0,2540.0,2270.0,2100.0,2330.0,2390.0,2300.0,2200.0,2190.0,2160.0,2160.0,2420.0,2360.0,2190.0,1960.0,1810.0,2030.0,2100.0,2070.0,1830.0,1750.0,1750.0,1730.0,1900.0,1900.0,1900.0,1640.0,1510.0,1790.0,1760.0,1690.0,1560.0,1600.0,1620.0,1690.0,2030.0,1880.0,1920.0,1560.0,1440.0,1650.0,1720.0,1630.0,1390.0,1500.0,1520.0,1520.0,1820.0,1750.0,2020.0,6830.0,5810.0,5160.0,4640.0,3970.0,3540.0,3160.0,2610.0,3110.0,3140.0,2970.0,2820.0,2650.0,2460.0,2770.0,2720.0,2650.0,2230.0,2160.0,1890.0,Nevada
87,Civilian Unemployment Rate,6.2,6.0,6.0,5.7,5.4,5.5,5.7,5.2,4.8,5.0,5.1,4.9,5.3,5.2,5.2,4.8,4.4,4.8,5.0,4.7,4.6,4.6,4.5,4.5,5.0,4.8,4.5,4.1,3.8,4.2,4.4,4.2,3.8,3.6,3.7,3.6,3.9,3.9,3.9,3.4,3.1,3.7,3.6,3.5,3.2,3.3,3.3,3.4,4.1,3.8,3.9,3.2,3.0,3.4,3.6,3.4,2.9,3.1,3.2,3.1,3.7,3.6,4.2,15.4,13.1,11.2,10.0,8.6,7.7,6.8,5.7,6.7,6.7,6.3,6.1,5.8,5.4,6.0,5.8,5.5,4.7,4.5,3.9,Nevada
96,Civilian Labor Force,24980.0,24730.0,24790.0,24810.0,24930.0,25220.0,24810.0,25210.0,25710.0,25680.0,24850.0,24550.0,24570.0,24800.0,24790.0,24770.0,24860.0,25150.0,24860.0,25330.0,26030.0,25790.0,25190.0,24730.0,25190.0,25260.0,25430.0,25200.0,25270.0,25680.0,25440.0,25650.0,26070.0,26440.0,25600.0,25120.0,25340.0,25600.0,25330.0,25260.0,25290.0,25600.0,25380.0,25410.0,25790.0,26070.0,25510.0,25290.0,25510.0,25520.0,25420.0,25170.0,25320.0,25610.0,25430.0,25510.0,26050.0,26090.0,25740.0,25250.0,25910.0,25970.0,26100.0,25420.0,24860.0,25670.0,25110.0,25660.0,25560.0,26140.0,25360.0,25180.0,25220.0,25530.0,25210.0,25090.0,25330.0,25710.0,25570.0,25810.0,26220.0,26370.0,25910.0,Tehama
97,Civilian Employment,22570.0,22450.0,22560.0,22820.0,22980.0,23170.0,22710.0,23310.0,23980.0,23980.0,23090.0,22720.0,22520.0,22820.0,22740.0,22960.0,23240.0,23290.0,22930.0,23530.0,24430.0,24260.0,23630.0,23030.0,23190.0,23260.0,23510.0,23490.0,23720.0,23970.0,23710.0,24020.0,24690.0,25160.0,24290.0,23720.0,23690.0,23920.0,23600.0,23790.0,23990.0,24090.0,23800.0,23970.0,24530.0,24820.0,24220.0,23800.0,23660.0,23800.0,23660.0,23720.0,24030.0,24140.0,23900.0,24090.0,24860.0,24860.0,24490.0,23920.0,24240.0,24380.0,24310.0,21680.0,21790.0,22910.0,22520.0,23390.0,23490.0,24230.0,23700.0,23160.0,23190.0,23460.0,23220.0,23240.0,23610.0,23760.0,23670.0,24020.0,24700.0,24900.0,24580.0,Tehama
98,Civilian Unemployment,2410.0,2290.0,2220.0,1980.0,1940.0,2040.0,2100.0,1900.0,1730.0,1700.0,1760.0,1820.0,2050.0,1980.0,2050.0,1810.0,1620.0,1860.0,1930.0,1800.0,1600.0,1530.0,1560.0,1700.0,2000.0,2010.0,1930.0,1710.0,1560.0,1710.0,1730.0,1630.0,1390.0,1280.0,1310.0,1400.0,1660.0,1690.0,1730.0,1470.0,1300.0,1510.0,1570.0,1440.0,1260.0,1240.0,1280.0,1490.0,1840.0,1720.0,1760.0,1440.0,1300.0,1470.0,1530.0,1420.0,1190.0,1240.0,1250.0,1330.0,1670.0,1590.0,1790.0,3740.0,3070.0,2760.0,2590.0,2280.0,2070.0,1910.0,1660.0,2020.0,2040.0,2070.0,1990.0,1850.0,1730.0,1950.0,1910.0,1800.0,1530.0,1470.0,1330.0,Tehama
99,Civilian Unemployment Rate,9.6,9.2,9.0,8.0,7.8,8.1,8.4,7.5,6.7,6.6,7.1,7.4,8.3,8.0,8.3,7.3,6.5,7.4,7.8,7.1,6.2,5.9,6.2,6.9,7.9,7.9,7.6,6.8,6.2,6.6,6.8,6.4,5.3,4.8,5.1,5.6,6.5,6.6,6.8,5.8,5.1,5.9,6.2,5.7,4.9,4.8,5.0,5.9,7.2,6.7,6.9,5.7,5.1,5.7,6.0,5.6,4.6,4.7,4.9,5.3,6.4,6.1,6.9,14.7,12.4,10.7,10.3,8.9,8.1,7.3,6.6,8.0,8.1,8.1,7.9,7.4,6.8,7.6,7.5,7.0,5.8,5.6,5.1,Tehama
104,Civilian Labor Force,540400.0,541400.0,542800.0,541200.0,544700.0,544700.0,548500.0,546400.0,545000.0,546200.0,547100.0,547100.0,547700.0,551100.0,553300.0,549200.0,549900.0,552300.0,557100.0,554800.0,556600.0,556700.0,555900.0,554100.0,556100.0,558300.0,560100.0,554400.0,555100.0,556900.0,562200.0,559100.0,561800.0,559000.0,558700.0,557100.0,556000.0,560100.0,561100.0,557000.0,558600.0,559700.0,564300.0,559400.0,561900.0,561800.0,561900.0,561700.0,560100.0,563000.0,562900.0,555200.0,555800.0,557200.0,563100.0,559800.0,561300.0,559600.0,559500.0,558900.0,557500.0,560000.0,556500.0,533300.0,532300.0,540200.0,539200.0,534100.0,531200.0,540500.0,532900.0,537200.0,534700.0,540700.0,537400.0,529400.0,533000.0,536000.0,541500.0,538000.0,538600.0,541500.0,542600.0,Contra Costa
105,Civilian Employment,509200.0,511500.0,513600.0,514400.0,517700.0,516000.0,518900.0,518800.0,519600.0,520400.0,521800.0,522900.0,521800.0,525500.0,527100.0,524900.0,527600.0,526000.0,530300.0,528700.0,532000.0,532300.0,532900.0,531800.0,531100.0,534400.0,537100.0,533700.0,535300.0,534000.0,538400.0,536000.0,541600.0,539700.0,539700.0,539000.0,535800.0,540600.0,542200.0,540200.0,543200.0,540400.0,545100.0,540800.0,545000.0,544300.0,544700.0,544100.0,539200.0,544300.0,543700.0,539500.0,540600.0,538900.0,543700.0,541500.0,545500.0,542900.0,542800.0,542900.0,539200.0,542700.0,536200.0,452800.0,457900.0,470500.0,474900.0,477900.0,480000.0,494900.0,496100.0,495800.0,494600.0,502600.0,501500.0,494500.0,499700.0,498700.0,504900.0,503000.0,508800.0,512700.0,517800.0,Contra Costa
106,Civilian Unemployment,31200.0,29900.0,29200.0,26900.0,26900.0,28700.0,29600.0,27700.0,25400.0,25900.0,25300.0,24200.0,25900.0,25500.0,26300.0,24200.0,22300.0,26300.0,26800.0,26100.0,24600.0,24400.0,23000.0,22300.0,25000.0,24000.0,23100.0,20700.0,19800.0,22900.0,23800.0,23100.0,20200.0,19300.0,19000.0,18100.0,20200.0,19400.0,18900.0,16800.0,15400.0,19300.0,19200.0,18600.0,16900.0,17400.0,17200.0,17600.0,20800.0,18700.0,19200.0,15700.0,15200.0,18300.0,19400.0,18400.0,15900.0,16700.0,16700.0,16000.0,18400.0,17300.0,20300.0,80500.0,74500.0,69700.0,64400.0,56200.0,51300.0,45600.0,36800.0,41400.0,40100.0,38100.0,35900.0,34900.0,33300.0,37300.0,36600.0,35000.0,29800.0,28800.0,24800.0,Contra Costa
107,Civilian Unemployment Rate,5.8,5.5,5.4,5.0,4.9,5.3,5.4,5.1,4.7,4.7,4.6,4.4,4.7,4.6,4.8,4.4,4.1,4.8,4.8,4.7,4.4,4.4,4.1,4.0,4.5,4.3,4.1,3.7,3.6,4.1,4.2,4.1,3.6,3.5,3.4,3.2,3.6,3.5,3.4,3.0,2.8,3.5,3.4,3.3,3.0,3.1,3.1,3.1,3.7,3.3,3.4,2.8,2.7,3.3,3.4,3.3,2.8,3.0,3.0,2.9,3.3,3.1,3.6,15.1,14.0,12.9,11.9,10.5,9.6,8.4,6.9,7.7,7.5,7.0,6.7,6.6,6.2,7.0,6.8,6.5,5.5,5.3,4.6,Contra Costa
112,Civilian Labor Force,1030000.0,1029100.0,1030300.0,1024100.0,1029000.0,1028900.0,1030700.0,1029200.0,1029300.0,1038800.0,1049700.0,1052400.0,1049300.0,1048500.0,1053800.0,1043300.0,1042700.0,1047100.0,1050700.0,1049100.0,1054500.0,1058700.0,1062200.0,1059400.0,1069800.0,1067500.0,1071900.0,1060300.0,1060500.0,1064700.0,1071000.0,1069200.0,1078700.0,1077000.0,1087100.0,1081400.0,1085800.0,1088500.0,1089800.0,1080400.0,1081300.0,1086100.0,1091600.0,1081300.0,1090800.0,1097000.0,1105100.0,1103900.0,1107400.0,1105800.0,1106400.0,1092800.0,1091700.0,1096400.0,1104400.0,1099100.0,1104300.0,1114200.0,1124000.0,1121900.0,1119600.0,1121100.0,1115800.0,1088600.0,1090100.0,1111800.0,1106800.0,1098700.0,1096200.0,1121000.0,1106600.0,1116200.0,1106000.0,1121000.0,1112300.0,1098000.0,1105000.0,1116000.0,1123600.0,1113200.0,1116900.0,1125600.0,1131100.0,Riverside
113,Civilian Employment,953500.0,955800.0,958300.0,957400.0,962400.0,957000.0,954000.0,956400.0,962200.0,972200.0,985500.0,991200.0,985300.0,984500.0,988600.0,982400.0,985600.0,978800.0,978600.0,978100.0,987000.0,993400.0,1002000.0,1001900.0,1005900.0,1006300.0,1012600.0,1007200.0,1009900.0,1005800.0,1008800.0,1006900.0,1022800.0,1024100.0,1035700.0,1033100.0,1033200.0,1037900.0,1040400.0,1036600.0,1040800.0,1034900.0,1039000.0,1028500.0,1042800.0,1048500.0,1058300.0,1056900.0,1054200.0,1057900.0,1057300.0,1051900.0,1051800.0,1048000.0,1052200.0,1047700.0,1059000.0,1067500.0,1078400.0,1078700.0,1071900.0,1075900.0,1062900.0,914300.0,919000.0,959700.0,961100.0,970800.0,979500.0,1016400.0,1021500.0,1019600.0,1011200.0,1031300.0,1028000.0,1015800.0,1026500.0,1027400.0,1035100.0,1028200.0,1043300.0,1055000.0,1070000.0,Riverside
114,Civilian Unemployment,76500.0,73200.0,72000.0,66700.0,66700.0,71900.0,76800.0,72800.0,67100.0,66600.0,64200.0,61200.0,64000.0,64100.0,65100.0,60900.0,57100.0,68300.0,72100.0,71000.0,67500.0,65300.0,60200.0,57500.0,63900.0,61200.0,59300.0,53100.0,50600.0,58900.0,62200.0,62300.0,55900.0,53000.0,51400.0,48200.0,52500.0,50700.0,49500.0,43700.0,40500.0,51200.0,52600.0,52800.0,47900.0,48500.0,46800.0,47000.0,53300.0,48000.0,49100.0,40900.0,39900.0,48400.0,52100.0,51400.0,45300.0,46800.0,45500.0,43300.0,47700.0,45200.0,52900.0,174300.0,171100.0,152100.0,145800.0,127900.0,116600.0,104600.0,85100.0,96600.0,94800.0,89700.0,84300.0,82200.0,78500.0,88600.0,88500.0,85000.0,73600.0,70600.0,61100.0,Riverside
115,Civilian Unemployment Rate,7.4,7.1,7.0,6.5,6.5,7.0,7.4,7.1,6.5,6.4,6.1,5.8,6.1,6.1,6.2,5.8,5.5,6.5,6.9,6.8,6.4,6.2,5.7,5.4,6.0,5.7,5.5,5.0,4.8,5.5,5.8,5.8,5.2,4.9,4.7,4.5,4.8,4.7,4.5,4.0,3.7,4.7,4.8,4.9,4.4,4.4,4.2,4.3,4.8,4.3,4.4,3.7,3.7,4.4,4.7,4.7,4.1,4.2,4.1,3.9,4.3,4.0,4.7,16.0,15.7,13.7,13.2,11.6,10.6,9.3,7.7,8.7,8.6,8.0,7.6,7.5,7.1,7.9,7.9,7.6,6.6,6.3,5.4,Riverside
120,Civilian Labor Force,20310.0,20360.0,20370.0,20470.0,20700.0,20800.0,20830.0,20700.0,20380.0,20500.0,20520.0,20660.0,20670.0,20740.0,20910.0,20640.0,20620.0,20960.0,20980.0,20970.0,21050.0,20790.0,20540.0,20700.0,20740.0,20810.0,20930.0,20860.0,20830.0,21190.0,21370.0,21430.0,21340.0,21170.0,20950.0,20730.0,20740.0,21010.0,20980.0,21030.0,21190.0,21310.0,21610.0,21490.0,21390.0,21230.0,20960.0,21040.0,20880.0,20970.0,21070.0,20960.0,21120.0,21330.0,21730.0,21820.0,21670.0,21550.0,21310.0,21310.0,21500.0,21610.0,21520.0,20510.0,20570.0,21370.0,21410.0,21340.0,21160.0,21370.0,20940.0,21200.0,21160.0,21350.0,21270.0,21080.0,21360.0,21650.0,21970.0,22020.0,21840.0,21640.0,21500.0,Calaveras
121,Civilian Employment,18790.0,18900.0,18950.0,19150.0,19400.0,19450.0,19430.0,19440.0,19210.0,19300.0,19320.0,19440.0,19360.0,19480.0,19570.0,19440.0,19530.0,19760.0,19770.0,19820.0,19930.0,19690.0,19450.0,19580.0,19470.0,19600.0,19790.0,19860.0,19890.0,20170.0,20320.0,20440.0,20480.0,20330.0,20110.0,19880.0,19760.0,20030.0,20000.0,20180.0,20440.0,20440.0,20740.0,20650.0,20620.0,20420.0,20170.0,20210.0,19860.0,20000.0,20080.0,20180.0,20410.0,20510.0,20890.0,21020.0,20980.0,20810.0,20550.0,20530.0,20550.0,20710.0,20460.0,17710.0,18170.0,19240.0,19460.0,19670.0,19610.0,19950.0,19770.0,19760.0,19680.0,19940.0,19920.0,19850.0,20220.0,20390.0,20710.0,20800.0,20800.0,20630.0,20610.0,Calaveras
122,Civilian Unemployment,1520.0,1460.0,1420.0,1320.0,1300.0,1350.0,1400.0,1260.0,1170.0,1200.0,1200.0,1220.0,1310.0,1260.0,1330.0,1200.0,1090.0,1200.0,1210.0,1150.0,1120.0,1110.0,1090.0,1120.0,1270.0,1210.0,1130.0,1000.0,940.0,1020.0,1050.0,990.0,860.0,840.0,850.0,850.0,980.0,980.0,980.0,850.0,740.0,860.0,870.0,850.0,770.0,800.0,790.0,830.0,1020.0,970.0,980.0,780.0,710.0,820.0,840.0,800.0,690.0,750.0,770.0,780.0,950.0,890.0,1060.0,2800.0,2390.0,2140.0,1950.0,1670.0,1550.0,1420.0,1180.0,1440.0,1470.0,1410.0,1350.0,1240.0,1140.0,1260.0,1260.0,1220.0,1040.0,1010.0,900.0,Calaveras
123,Civilian Unemployment Rate,7.5,7.2,7.0,6.5,6.3,6.5,6.7,6.1,5.8,5.9,5.9,5.9,6.4,6.1,6.4,5.8,5.3,5.7,5.8,5.5,5.3,5.3,5.3,5.4,6.1,5.8,5.4,4.8,4.5,4.8,4.9,4.6,4.0,4.0,4.0,4.1,4.7,4.7,4.7,4.0,3.5,4.1,4.0,3.9,3.6,3.8,3.8,4.0,4.9,4.6,4.7,3.7,3.3,3.8,3.9,3.7,3.2,3.5,3.6,3.7,4.4,4.1,4.9,13.7,11.6,10.0,9.1,7.8,7.3,6.6,5.6,6.8,7.0,6.6,6.3,5.9,5.3,5.8,5.7,5.5,4.8,4.7,4.2,Calaveras
124,Civilian Labor Force,14230.0,14250.0,14310.0,14320.0,14460.0,14510.0,14540.0,14450.0,14350.0,14250.0,14130.0,14000.0,14070.0,14310.0,14440.0,14400.0,14500.0,14750.0,14730.0,14700.0,14860.0,14680.0,14470.0,14390.0,14460.0,14550.0,14680.0,14630.0,14740.0,14900.0,14900.0,14850.0,14970.0,14730.0,14610.0,14410.0,14560.0,14630.0,14600.0,14530.0,14740.0,14760.0,14780.0,14680.0,14750.0,14840.0,14630.0,14540.0,14560.0,14660.0,14740.0,14750.0,14860.0,14930.0,14910.0,15000.0,14960.0,14960.0,14700.0,14590.0,14710.0,14790.0,14830.0,14210.0,14030.0,14510.0,14410.0,14380.0,14280.0,14540.0,14180.0,14230.0,14330.0,14500.0,14430.0,14250.0,14470.0,14660.0,14670.0,14790.0,14660.0,14750.0,14630.0,Amador
125,Civilian Employment,13080.0,13170.0,13240.0,13350.0,13530.0,13560.0,13570.0,13560.0,13530.0,13400.0,13250.0,13140.0,13110.0,13360.0,13460.0,13530.0,13720.0,13900.0,13850.0,13860.0,14050.0,13870.0,13660.0,13530.0,13530.0,13650.0,13840.0,13890.0,14060.0,14170.0,14150.0,14120.0,14340.0,14110.0,13980.0,13790.0,13850.0,13920.0,13900.0,13930.0,14220.0,14150.0,14190.0,14110.0,14220.0,14290.0,14090.0,13950.0,13830.0,13970.0,14050.0,14200.0,14370.0,14360.0,14310.0,14440.0,14480.0,14430.0,14160.0,14010.0,13990.0,14140.0,14100.0,12050.0,11870.0,12750.0,12740.0,12960.0,13010.0,13380.0,13200.0,13080.0,13140.0,13360.0,13360.0,13270.0,13560.0,13640.0,13680.0,13800.0,13820.0,13930.0,13890.0,Amador
126,Civilian Unemployment,1140.0,1080.0,1070.0,970.0,930.0,950.0,960.0,890.0,820.0,860.0,880.0,860.0,970.0,950.0,980.0,870.0,780.0,850.0,890.0,840.0,810.0,810.0,810.0,850.0,930.0,900.0,840.0,740.0,670.0,730.0,760.0,730.0,640.0,630.0,630.0,630.0,710.0,710.0,700.0,600.0,520.0,610.0,590.0,580.0,520.0,550.0,540.0,590.0,730.0,680.0,690.0,550.0,500.0,570.0,600.0,560.0,480.0,520.0,550.0,580.0,710.0,650.0,730.0,2160.0,2150.0,1760.0,1670.0,1410.0,1270.0,1160.0,990.0,1150.0,1190.0,1140.0,1070.0,980.0,910.0,1020.0,990.0,980.0,840.0,830.0,740.0,Amador
127,Civilian Unemployment Rate,8.0,7.6,7.4,6.8,6.4,6.6,6.6,6.2,5.7,6.0,6.2,6.2,6.9,6.6,6.8,6.0,5.4,5.8,6.0,5.7,5.4,5.5,5.6,5.9,6.4,6.2,5.7,5.1,4.6,4.9,5.1,4.9,4.3,4.3,4.3,4.3,4.9,4.8,4.8,4.1,3.5,4.1,4.0,3.9,3.5,3.7,3.7,4.1,5.0,4.7,4.7,3.7,3.4,3.8,4.0,3.7,3.2,3.5,3.7,3.9,4.8,4.4,4.9,15.2,15.3,12.1,11.6,9.8,8.9,8.0,6.9,8.1,8.3,7.8,7.4,6.9,6.3,7.0,6.8,6.6,5.7,5.6,5.1,Amador
136,Civilian Labor Force,428600.0,430500.0,431700.0,429500.0,432300.0,432000.0,437800.0,437400.0,437000.0,437600.0,437800.0,438500.0,437100.0,440600.0,442300.0,437700.0,438200.0,439900.0,445700.0,444600.0,445100.0,444000.0,443700.0,442600.0,443100.0,445900.0,445900.0,441900.0,441600.0,442700.0,449100.0,446700.0,448800.0,445500.0,446300.0,445100.0,441700.0,445900.0,446900.0,444100.0,445300.0,447200.0,453100.0,450400.0,452100.0,453100.0,453900.0,453900.0,452300.0,456000.0,456100.0,451700.0,451900.0,453300.0,460600.0,458800.0,460100.0,459100.0,458200.0,457700.0,457000.0,459400.0,455100.0,427500.0,425100.0,430000.0,428600.0,424600.0,421200.0,429600.0,424000.0,424400.0,420900.0,426900.0,426100.0,423400.0,426900.0,432000.0,440700.0,437800.0,439600.0,442300.0,445000.0,San Mateo
137,Civilian Employment,411800.0,414600.0,416000.0,415000.0,417900.0,416500.0,421700.0,422500.0,423100.0,423400.0,424000.0,425400.0,423200.0,426800.0,428200.0,424700.0,426400.0,425700.0,431000.0,430300.0,431500.0,430300.0,431000.0,430400.0,429200.0,432600.0,433200.0,430400.0,430400.0,429500.0,435300.0,433400.0,437200.0,434400.0,435600.0,434900.0,430400.0,435000.0,436400.0,434800.0,436700.0,436200.0,442300.0,439800.0,442400.0,443300.0,444300.0,444200.0,441000.0,446000.0,445700.0,443400.0,443700.0,443300.0,450000.0,448800.0,451500.0,450000.0,449000.0,449000.0,446900.0,449800.0,443700.0,377200.0,377300.0,385000.0,388300.0,389400.0,389100.0,401400.0,401600.0,399700.0,397000.0,404500.0,405100.0,403000.0,407400.0,410200.0,419500.0,417600.0,422800.0,426400.0,431300.0,San Mateo
138,Civilian Unemployment,16800.0,15900.0,15700.0,14500.0,14500.0,15500.0,16100.0,14900.0,13900.0,14200.0,13900.0,13100.0,13800.0,13800.0,14100.0,13000.0,11900.0,14200.0,14700.0,14300.0,13600.0,13700.0,12700.0,12200.0,13900.0,13200.0,12700.0,11500.0,11200.0,13100.0,13800.0,13300.0,11600.0,11100.0,10800.0,10100.0,11300.0,10900.0,10500.0,9300.0,8600.0,11000.0,10900.0,10600.0,9600.0,9800.0,9600.0,9700.0,11300.0,10000.0,10400.0,8400.0,8200.0,10000.0,10600.0,10000.0,8600.0,9100.0,9200.0,8700.0,10000.0,9600.0,11500.0,50200.0,47800.0,45000.0,40200.0,35200.0,32100.0,28200.0,22400.0,24700.0,23900.0,22300.0,21000.0,20500.0,19400.0,21800.0,21200.0,20200.0,16800.0,15900.0,13600.0,San Mateo
139,Civilian Unemployment Rate,3.9,3.7,3.6,3.4,3.4,3.6,3.7,3.4,3.2,3.3,3.2,3.0,3.2,3.1,3.2,3.0,2.7,3.2,3.3,3.2,3.1,3.1,2.9,2.8,3.1,3.0,2.8,2.6,2.5,3.0,3.1,3.0,2.6,2.5,2.4,2.3,2.6,2.4,2.3,2.1,1.9,2.5,2.4,2.4,2.1,2.2,2.1,2.1,2.5,2.2,2.3,1.9,1.8,2.2,2.3,2.2,1.9,2.0,2.0,1.9,2.2,2.1,2.5,11.8,11.3,10.5,9.4,8.3,7.6,6.6,5.3,5.8,5.7,5.2,4.9,4.8,4.6,5.0,4.8,4.6,3.8,3.6,3.1,San Mateo
140,Civilian Labor Force,1380.0,1330.0,1310.0,1340.0,1400.0,1410.0,1370.0,1360.0,1400.0,1390.0,1320.0,1340.0,1320.0,1320.0,1340.0,1310.0,1320.0,1390.0,1350.0,1330.0,1390.0,1360.0,1300.0,1290.0,1280.0,1290.0,1290.0,1260.0,1300.0,1320.0,1310.0,1310.0,1330.0,1310.0,1250.0,1250.0,1230.0,1260.0,1260.0,1230.0,1290.0,1330.0,1290.0,1280.0,1310.0,1330.0,1250.0,1260.0,1250.0,1270.0,1280.0,1270.0,1330.0,1350.0,1380.0,1350.0,1400.0,1370.0,1340.0,1340.0,1310.0,1310.0,1300.0,1210.0,1230.0,1300.0,1260.0,1280.0,1310.0,1330.0,1290.0,1270.0,1260.0,1300.0,1300.0,1280.0,1330.0,1390.0,1410.0,1390.0,1410.0,1390.0,1360.0,Sierra
141,Civilian Employment,1210.0,1160.0,1150.0,1220.0,1280.0,1300.0,1260.0,1260.0,1310.0,1300.0,1220.0,1230.0,1190.0,1190.0,1210.0,1200.0,1230.0,1290.0,1260.0,1250.0,1300.0,1270.0,1220.0,1180.0,1170.0,1170.0,1180.0,1160.0,1220.0,1240.0,1230.0,1230.0,1260.0,1250.0,1190.0,1170.0,1140.0,1150.0,1160.0,1150.0,1230.0,1260.0,1210.0,1210.0,1250.0,1260.0,1190.0,1180.0,1160.0,1170.0,1180.0,1190.0,1260.0,1290.0,1310.0,1290.0,1340.0,1320.0,1290.0,1270.0,1220.0,1220.0,1200.0,1040.0,1090.0,1170.0,1150.0,1180.0,1220.0,1260.0,1220.0,1180.0,1170.0,1200.0,1200.0,1190.0,1270.0,1320.0,1340.0,1320.0,1350.0,1330.0,1300.0,Sierra
142,Civilian Unemployment,160.0,160.0,160.0,130.0,120.0,120.0,110.0,100.0,90.0,90.0,100.0,110.0,130.0,130.0,130.0,110.0,90.0,100.0,90.0,90.0,80.0,80.0,80.0,110.0,120.0,120.0,110.0,100.0,80.0,70.0,80.0,80.0,70.0,70.0,60.0,70.0,90.0,110.0,100.0,80.0,60.0,70.0,70.0,70.0,60.0,70.0,70.0,70.0,90.0,100.0,100.0,80.0,70.0,70.0,70.0,60.0,50.0,60.0,60.0,70.0,80.0,90.0,100.0,170.0,140.0,120.0,110.0,100.0,90.0,80.0,70.0,90.0,100.0,100.0,100.0,80.0,60.0,70.0,70.0,70.0,60.0,60.0,60.0,Sierra
143,Civilian Unemployment Rate,11.9,12.2,12.2,9.4,8.6,8.1,7.9,7.2,6.3,6.3,7.2,8.3,9.7,9.8,9.8,8.3,6.7,7.1,6.9,6.4,6.1,6.1,6.3,8.4,9.1,9.2,8.8,7.7,5.9,5.5,6.0,5.7,5.0,5.0,5.1,5.8,7.5,8.6,8.2,6.7,4.9,5.4,5.6,5.5,4.8,5.0,5.3,5.8,7.5,7.6,7.8,6.3,5.0,5.0,4.9,4.5,3.8,4.2,4.2,4.9,6.4,6.9,7.8,14.3,11.4,9.5,8.6,7.7,6.5,5.6,5.1,7.0,7.6,7.7,7.4,6.5,4.7,5.0,4.8,4.9,4.3,4.3,4.1,Sierra
144,Civilian Labor Force,11100.0,11000.0,10600.0,10570.0,10800.0,10780.0,10570.0,10520.0,10660.0,11370.0,10940.0,10230.0,10710.0,10280.0,10350.0,10310.0,10340.0,10380.0,10160.0,10120.0,10710.0,11070.0,10010.0,9900.0,9890.0,9840.0,9830.0,9920.0,9990.0,9930.0,9960.0,9910.0,10110.0,10830.0,10480.0,9720.0,9870.0,9870.0,9590.0,9610.0,9780.0,9710.0,9730.0,9750.0,9850.0,10520.0,10350.0,9630.0,9930.0,9940.0,9810.0,9540.0,9600.0,9540.0,9490.0,9480.0,9580.0,10240.0,10190.0,9230.0,9400.0,9410.0,9490.0,9330.0,9300.0,9390.0,9300.0,9330.0,9370.0,10040.0,9870.0,9310.0,9450.0,9520.0,9420.0,9480.0,9620.0,9750.0,9680.0,9730.0,9800.0,10340.0,10040.0,Lassen
145,Civilian Employment,10060.0,10000.0,9670.0,9760.0,10060.0,10040.0,9840.0,9840.0,10040.0,10740.0,10230.0,9460.0,9790.0,9360.0,9440.0,9570.0,9710.0,9710.0,9490.0,9500.0,10110.0,10480.0,9370.0,9160.0,9170.0,9100.0,9120.0,9300.0,9480.0,9400.0,9430.0,9400.0,9660.0,10400.0,10010.0,9220.0,9290.0,9240.0,8970.0,9100.0,9380.0,9250.0,9280.0,9320.0,9470.0,10130.0,9940.0,9150.0,9330.0,9350.0,9210.0,9060.0,9210.0,9090.0,9040.0,9070.0,9250.0,9890.0,9810.0,8810.0,8840.0,8850.0,8860.0,8260.0,8410.0,8610.0,8560.0,8690.0,8780.0,9500.0,9380.0,8680.0,8800.0,8870.0,8800.0,8920.0,9120.0,9200.0,9120.0,9190.0,9360.0,9910.0,9650.0,Lassen
146,Civilian Unemployment,1040.0,1000.0,930.0,810.0,740.0,740.0,730.0,680.0,610.0,630.0,710.0,770.0,930.0,920.0,900.0,730.0,630.0,670.0,660.0,620.0,600.0,600.0,650.0,740.0,720.0,740.0,700.0,610.0,510.0,530.0,530.0,510.0,450.0,430.0,460.0,500.0,580.0,630.0,610.0,510.0,410.0,460.0,450.0,430.0,380.0,390.0,410.0,470.0,600.0,590.0,600.0,480.0,400.0,450.0,450.0,410.0,340.0,350.0,380.0,420.0,560.0,560.0,630.0,1080.0,890.0,780.0,740.0,640.0,590.0,550.0,490.0,630.0,660.0,660.0,620.0,560.0,510.0,560.0,550.0,540.0,450.0,430.0,390.0,Lassen
147,Civilian Unemployment Rate,9.4,9.1,8.7,7.7,6.9,6.8,6.9,6.5,5.8,5.5,6.5,7.5,8.6,8.9,8.7,7.1,6.1,6.5,6.5,6.1,5.6,5.4,6.5,7.4,7.3,7.5,7.2,6.2,5.1,5.4,5.3,5.1,4.4,4.0,4.4,5.1,5.9,6.4,6.4,5.3,4.1,4.7,4.6,4.4,3.8,3.7,4.0,4.9,6.1,5.9,6.1,5.0,4.1,4.7,4.8,4.3,3.5,3.5,3.7,4.6,6.0,5.9,6.6,11.5,9.5,8.3,8.0,6.8,6.3,5.4,5.0,6.7,7.0,6.9,6.6,5.9,5.3,5.7,5.7,5.6,4.6,4.1,3.8,Lassen
156,Civilian Labor Force,103900.0,104000.0,104300.0,103600.0,103900.0,104500.0,105000.0,104200.0,103500.0,104000.0,104200.0,104800.0,105700.0,106500.0,106500.0,105400.0,105300.0,106700.0,107900.0,106800.0,106200.0,105700.0,105300.0,105000.0,106200.0,106500.0,107000.0,106300.0,106300.0,107100.0,107900.0,107000.0,106700.0,106100.0,106200.0,106300.0,106400.0,107500.0,107400.0,106900.0,107200.0,108000.0,109000.0,108100.0,107700.0,107400.0,107200.0,107700.0,108000.0,108500.0,108500.0,107000.0,107200.0,107800.0,109100.0,108500.0,108100.0,108000.0,107200.0,107200.0,107900.0,108500.0,108600.0,101800.0,101400.0,104100.0,105100.0,103900.0,103500.0,106000.0,104500.0,105000.0,105000.0,106500.0,105700.0,105000.0,105600.0,106700.0,107600.0,107100.0,106800.0,107100.0,106800.0,Yolo
157,Civilian Employment,95600.0,96100.0,96700.0,97100.0,97600.0,97900.0,98300.0,97900.0,97700.0,97800.0,97700.0,98200.0,98300.0,99200.0,99300.0,99300.0,99900.0,100400.0,101600.0,100900.0,100700.0,99900.0,99400.0,98700.0,99100.0,99500.0,100500.0,100800.0,101500.0,101600.0,102400.0,101800.0,102200.0,101700.0,101400.0,101400.0,100700.0,101800.0,101900.0,102400.0,103400.0,103400.0,104400.0,103800.0,103900.0,103400.0,102900.0,102800.0,102100.0,102900.0,102900.0,102800.0,103500.0,103400.0,104400.0,104300.0,104500.0,104200.0,103000.0,102600.0,102400.0,103300.0,102700.0,89800.0,90800.0,93800.0,95500.0,95700.0,96000.0,99100.0,98400.0,97800.0,97600.0,99200.0,98900.0,98700.0,99800.0,100100.0,101300.0,101200.0,101800.0,102200.0,102200.0,Yolo
158,Civilian Unemployment,8200.0,7900.0,7600.0,6500.0,6300.0,6700.0,6700.0,6300.0,5700.0,6100.0,6500.0,6600.0,7300.0,7200.0,7300.0,6100.0,5300.0,6300.0,6300.0,5900.0,5500.0,5800.0,5900.0,6300.0,7200.0,7000.0,6500.0,5600.0,4700.0,5400.0,5500.0,5200.0,4500.0,4400.0,4800.0,4900.0,5700.0,5700.0,5500.0,4500.0,3800.0,4700.0,4600.0,4300.0,3800.0,4000.0,4300.0,4900.0,6000.0,5600.0,5500.0,4200.0,3700.0,4400.0,4600.0,4200.0,3600.0,3800.0,4200.0,4500.0,5500.0,5200.0,5800.0,12000.0,10700.0,10200.0,9600.0,8300.0,7500.0,6900.0,6000.0,7200.0,7400.0,7300.0,6800.0,6300.0,5800.0,6600.0,6300.0,6000.0,5000.0,4900.0,4500.0,Yolo
159,Civilian Unemployment Rate,7.9,7.6,7.3,6.3,6.1,6.4,6.4,6.0,5.5,5.9,6.2,6.3,6.9,6.8,6.8,5.8,5.1,5.9,5.8,5.5,5.2,5.5,5.6,6.0,6.7,6.6,6.1,5.2,4.5,5.1,5.1,4.9,4.2,4.2,4.5,4.6,5.3,5.3,5.1,4.2,3.6,4.3,4.2,4.0,3.5,3.7,4.0,4.6,5.5,5.1,5.1,3.9,3.5,4.1,4.3,3.9,3.3,3.5,3.9,4.2,5.1,4.8,5.4,11.8,10.5,9.8,9.1,7.9,7.3,6.5,5.8,6.8,7.0,6.9,6.4,6.0,5.5,6.1,5.9,5.6,4.7,4.6,4.3,Yolo
160,Civilian Labor Force,916100.0,916000.0,916200.0,911900.0,914900.0,914600.0,915800.0,914300.0,914900.0,924600.0,934800.0,937700.0,928700.0,928400.0,932200.0,923100.0,922500.0,925100.0,928500.0,926900.0,932000.0,936300.0,940600.0,938600.0,941700.0,940400.0,943800.0,933400.0,933500.0,935500.0,941800.0,940100.0,947700.0,946500.0,956400.0,951500.0,950900.0,954400.0,955300.0,947700.0,948300.0,951900.0,956400.0,946800.0,954700.0,959700.0,967600.0,966900.0,966100.0,965500.0,965600.0,954900.0,953600.0,956300.0,963300.0,958700.0,963400.0,971700.0,981100.0,980000.0,978100.0,980400.0,975700.0,935000.0,937200.0,965300.0,964000.0,960700.0,959900.0,984400.0,972600.0,981200.0,969800.0,984800.0,976800.0,964600.0,970200.0,978600.0,985300.0,977400.0,980500.0,988100.0,993200.0,San Bernardino
161,Civilian Employment,849600.0,852600.0,853700.0,853500.0,856400.0,851700.0,851200.0,854200.0,859400.0,868500.0,880500.0,885700.0,874300.0,874300.0,877000.0,871200.0,873600.0,866700.0,868900.0,869600.0,877400.0,882600.0,890600.0,890400.0,888300.0,889200.0,893900.0,888800.0,890800.0,885500.0,889700.0,890200.0,903400.0,904000.0,914600.0,912200.0,907700.0,912500.0,914700.0,911500.0,914500.0,909100.0,913200.0,905900.0,917600.0,921700.0,930300.0,929300.0,922700.0,926600.0,925700.0,921700.0,920900.0,916400.0,920700.0,919000.0,928700.0,935500.0,945000.0,945600.0,939400.0,943800.0,932500.0,802200.0,805300.0,840300.0,841800.0,851900.0,859400.0,891500.0,896200.0,894700.0,886400.0,905000.0,901100.0,891100.0,899900.0,899500.0,907000.0,902900.0,915600.0,925400.0,938800.0,San Bernardino
162,Civilian Unemployment,66600.0,63400.0,62500.0,58400.0,58500.0,62900.0,64600.0,60000.0,55500.0,56100.0,54300.0,51900.0,54400.0,54100.0,55300.0,51900.0,48900.0,58400.0,59700.0,57200.0,54600.0,53700.0,50000.0,48200.0,53400.0,51200.0,49900.0,44600.0,42700.0,50000.0,52100.0,50000.0,44300.0,42500.0,41700.0,39300.0,43200.0,41900.0,40600.0,36200.0,33700.0,42700.0,43300.0,40900.0,37100.0,38000.0,37300.0,37600.0,43300.0,38900.0,39900.0,33200.0,32700.0,39900.0,42600.0,39700.0,34700.0,36200.0,36100.0,34400.0,38600.0,36600.0,43100.0,132800.0,131900.0,125100.0,122300.0,108800.0,100500.0,92900.0,76400.0,86600.0,83400.0,79800.0,75700.0,73400.0,70300.0,79000.0,78300.0,74600.0,64900.0,62600.0,54400.0,San Bernardino
163,Civilian Unemployment Rate,7.3,6.9,6.8,6.4,6.4,6.9,7.1,6.6,6.1,6.1,5.8,5.5,5.9,5.8,5.9,5.6,5.3,6.3,6.4,6.2,5.9,5.7,5.3,5.1,5.7,5.4,5.3,4.8,4.6,5.3,5.5,5.3,4.7,4.5,4.4,4.1,4.5,4.4,4.2,3.8,3.6,4.5,4.5,4.3,3.9,4.0,3.9,3.9,4.5,4.0,4.1,3.5,3.4,4.2,4.4,4.1,3.6,3.7,3.7,3.5,3.9,3.7,4.4,14.2,14.1,13.0,12.7,11.3,10.5,9.4,7.9,8.8,8.6,8.1,7.7,7.6,7.2,8.1,7.9,7.6,6.6,6.3,5.5,San Bernardino
172,Civilian Labor Force,43600.0,44100.0,44800.0,44600.0,45100.0,45300.0,46000.0,46100.0,44600.0,44500.0,44000.0,44000.0,43700.0,44500.0,44900.0,44800.0,45100.0,45900.0,46400.0,46300.0,45300.0,44700.0,44300.0,43900.0,43400.0,43600.0,44400.0,44500.0,45400.0,46400.0,46500.0,46800.0,45600.0,44700.0,44300.0,44300.0,43700.0,44500.0,44800.0,44500.0,45100.0,46200.0,46000.0,45900.0,44900.0,44700.0,44000.0,43800.0,44500.0,44800.0,45300.0,44900.0,45400.0,46200.0,46400.0,46600.0,45300.0,46100.0,45100.0,44900.0,45200.0,45800.0,46700.0,46200.0,45600.0,46500.0,46200.0,45600.0,44900.0,45400.0,43700.0,43800.0,43200.0,44200.0,43800.0,44400.0,45500.0,47100.0,47200.0,47200.0,46600.0,46300.0,45700.0,Sutter
173,Civilian Employment,37800.0,38200.0,38900.0,39400.0,40300.0,40500.0,41600.0,42200.0,40900.0,40600.0,39500.0,39200.0,38500.0,39100.0,39300.0,40200.0,41000.0,41700.0,42400.0,42800.0,41900.0,41100.0,40200.0,39300.0,38400.0,38300.0,39300.0,40000.0,41500.0,42600.0,42900.0,43500.0,42700.0,41900.0,41000.0,40500.0,39400.0,40000.0,40200.0,40800.0,42000.0,42900.0,42900.0,43200.0,42500.0,42000.0,41000.0,40100.0,40100.0,40500.0,40700.0,41100.0,42300.0,42900.0,43200.0,43900.0,42900.0,43500.0,42200.0,41400.0,41100.0,41700.0,41900.0,38000.0,38900.0,40500.0,40800.0,41000.0,40700.0,41500.0,40200.0,39500.0,38700.0,39600.0,39300.0,40200.0,41600.0,42800.0,43200.0,43500.0,43400.0,43200.0,42600.0,Sutter
174,Civilian Unemployment,5800.0,6000.0,5900.0,5200.0,4900.0,4800.0,4400.0,3900.0,3700.0,3900.0,4400.0,4800.0,5200.0,5400.0,5600.0,4700.0,4100.0,4300.0,3900.0,3600.0,3400.0,3600.0,4100.0,4600.0,4900.0,5300.0,5200.0,4500.0,3900.0,3800.0,3600.0,3200.0,2800.0,2800.0,3400.0,3800.0,4300.0,4400.0,4600.0,3800.0,3100.0,3400.0,3200.0,2700.0,2500.0,2600.0,3100.0,3700.0,4400.0,4300.0,4600.0,3800.0,3100.0,3300.0,3200.0,2700.0,2400.0,2600.0,2900.0,3500.0,4100.0,4100.0,4800.0,8200.0,6700.0,5900.0,5400.0,4600.0,4200.0,3900.0,3500.0,4400.0,4500.0,4600.0,4500.0,4200.0,3900.0,4300.0,4000.0,3700.0,3200.0,3200.0,3100.0,Sutter
175,Civilian Unemployment Rate,13.3,13.5,13.1,11.7,10.8,10.7,9.5,8.5,8.3,8.8,10.1,10.8,11.9,12.1,12.4,10.4,9.1,9.3,8.5,7.7,7.6,8.1,9.3,10.5,11.4,12.2,11.6,10.2,8.5,8.3,7.7,6.9,6.2,6.4,7.6,8.6,9.7,10.0,10.2,8.5,6.9,7.3,6.9,5.9,5.5,5.9,7.0,8.5,9.9,9.7,10.1,8.4,6.8,7.1,6.8,5.9,5.2,5.6,6.5,7.8,9.1,9.0,10.3,17.8,14.7,12.8,11.7,10.1,9.4,8.6,8.0,9.9,10.4,10.5,10.3,9.4,8.6,9.1,8.5,7.9,6.9,6.8,6.7,Sutter
176,Civilian Labor Force,570.0,560.0,540.0,590.0,530.0,520.0,530.0,530.0,530.0,510.0,540.0,650.0,680.0,680.0,660.0,620.0,460.0,490.0,490.0,490.0,490.0,470.0,510.0,600.0,640.0,650.0,630.0,590.0,470.0,480.0,500.0,490.0,480.0,470.0,550.0,640.0,680.0,670.0,640.0,490.0,450.0,470.0,500.0,490.0,480.0,480.0,550.0,660.0,720.0,690.0,670.0,580.0,470.0,490.0,480.0,480.0,470.0,460.0,450.0,520.0,650.0,630.0,640.0,460.0,450.0,460.0,460.0,460.0,460.0,460.0,490.0,600.0,630.0,630.0,610.0,540.0,460.0,470.0,480.0,480.0,480.0,470.0,500.0,Alpine
177,Civilian Employment,530.0,520.0,500.0,540.0,490.0,480.0,480.0,490.0,490.0,470.0,500.0,610.0,640.0,640.0,630.0,590.0,430.0,460.0,450.0,460.0,450.0,440.0,470.0,570.0,610.0,620.0,600.0,560.0,430.0,440.0,460.0,450.0,450.0,440.0,520.0,610.0,650.0,650.0,610.0,480.0,430.0,450.0,470.0,460.0,460.0,460.0,530.0,640.0,690.0,660.0,640.0,560.0,440.0,460.0,450.0,450.0,450.0,430.0,420.0,500.0,620.0,600.0,600.0,360.0,350.0,370.0,390.0,400.0,410.0,410.0,460.0,550.0,580.0,590.0,560.0,500.0,420.0,430.0,440.0,440.0,440.0,430.0,460.0,Alpine
178,Civilian Unemployment,40.0,40.0,40.0,40.0,40.0,50.0,40.0,40.0,40.0,40.0,40.0,40.0,40.0,40.0,40.0,40.0,40.0,40.0,40.0,40.0,40.0,30.0,40.0,30.0,40.0,40.0,40.0,30.0,40.0,40.0,40.0,40.0,30.0,30.0,30.0,30.0,30.0,30.0,20.0,20.0,20.0,30.0,30.0,30.0,20.0,20.0,20.0,20.0,30.0,30.0,30.0,20.0,30.0,40.0,40.0,30.0,20.0,30.0,30.0,30.0,30.0,30.0,40.0,110.0,100.0,90.0,70.0,50.0,50.0,50.0,40.0,50.0,40.0,50.0,50.0,40.0,40.0,40.0,50.0,40.0,40.0,40.0,30.0,Alpine
179,Civilian Unemployment Rate,6.5,6.8,7.6,7.2,8.2,9.0,8.3,7.5,7.6,7.9,6.8,5.6,5.3,5.2,5.6,5.8,8.0,7.7,7.5,7.1,7.4,7.2,7.3,4.7,5.5,5.4,5.5,5.0,7.5,8.9,8.0,7.2,6.7,6.4,5.5,4.1,4.4,3.7,3.6,3.8,5.3,5.9,6.3,5.4,4.8,5.0,4.3,3.6,4.3,4.2,4.6,3.9,5.9,7.1,7.2,5.8,5.1,5.7,6.0,4.8,4.6,5.1,5.5,22.9,22.8,19.6,14.5,11.6,11.0,10.3,7.5,7.7,6.9,7.1,7.7,8.0,9.0,8.9,9.5,8.7,8.4,7.5,6.5,Alpine
184,Civilian Labor Force,534200.0,536800.0,538200.0,535400.0,538800.0,538700.0,545900.0,545500.0,544900.0,545600.0,545800.0,547200.0,549500.0,553700.0,556000.0,550200.0,550800.0,552900.0,560200.0,558800.0,559500.0,558100.0,557800.0,556500.0,561100.0,564100.0,564400.0,559400.0,559000.0,560400.0,568300.0,565500.0,567700.0,563500.0,564500.0,563300.0,559500.0,564700.0,566200.0,562400.0,564200.0,566900.0,574000.0,570600.0,572500.0,573600.0,574700.0,574800.0,574200.0,579200.0,579300.0,573900.0,574000.0,576000.0,584900.0,582800.0,584100.0,583000.0,581700.0,581600.0,580700.0,583900.0,579200.0,550500.0,548900.0,555000.0,553200.0,546600.0,541700.0,550300.0,541000.0,541600.0,536300.0,543600.0,542400.0,539800.0,544200.0,550600.0,561200.0,557300.0,559100.0,562300.0,565600.0,San Francisco
185,Civilian Employment,511900.0,515700.0,517200.0,516100.0,519500.0,518100.0,524600.0,525500.0,526500.0,526700.0,527500.0,529500.0,530600.0,535000.0,536800.0,532500.0,534600.0,533800.0,540400.0,539500.0,541100.0,539500.0,540300.0,539600.0,542000.0,546200.0,547000.0,543600.0,543500.0,542700.0,549900.0,547300.0,552100.0,548400.0,549900.0,549300.0,544000.0,549900.0,551700.0,549900.0,552400.0,552100.0,559600.0,556400.0,559700.0,560400.0,561800.0,561800.0,559000.0,565500.0,565100.0,562300.0,562800.0,562400.0,570700.0,569200.0,572600.0,570600.0,569300.0,569700.0,567000.0,570800.0,563000.0,478700.0,478800.0,488300.0,492300.0,493700.0,493200.0,508700.0,509000.0,506700.0,503100.0,512800.0,513300.0,511000.0,516700.0,520200.0,531800.0,529400.0,536000.0,540500.0,546800.0,San Francisco
186,Civilian Unemployment,22300.0,21100.0,20900.0,19200.0,19300.0,20600.0,21300.0,20000.0,18400.0,18900.0,18400.0,17700.0,18900.0,18700.0,19200.0,17700.0,16300.0,19100.0,19700.0,19200.0,18400.0,18600.0,17500.0,16800.0,19100.0,17900.0,17400.0,15800.0,15500.0,17700.0,18400.0,18100.0,15600.0,15100.0,14600.0,14000.0,15600.0,14800.0,14400.0,12600.0,11800.0,14700.0,14400.0,14200.0,12900.0,13200.0,12900.0,12900.0,15200.0,13700.0,14300.0,11600.0,11200.0,13700.0,14200.0,13600.0,11500.0,12400.0,12400.0,11900.0,13700.0,13100.0,16100.0,71700.0,70100.0,66700.0,60900.0,52900.0,48500.0,41600.0,32000.0,34900.0,33200.0,30800.0,29200.0,28800.0,27600.0,30500.0,29400.0,27900.0,23100.0,21800.0,18800.0,San Francisco
187,Civilian Unemployment Rate,4.2,3.9,3.9,3.6,3.6,3.8,3.9,3.7,3.4,3.5,3.4,3.2,3.4,3.4,3.5,3.2,3.0,3.5,3.5,3.4,3.3,3.3,3.1,3.0,3.4,3.2,3.1,2.8,2.8,3.2,3.2,3.2,2.7,2.7,2.6,2.5,2.8,2.6,2.5,2.2,2.1,2.6,2.5,2.5,2.2,2.3,2.2,2.3,2.7,2.4,2.5,2.0,2.0,2.4,2.4,2.3,2.0,2.1,2.1,2.0,2.4,2.2,2.8,13.0,12.8,12.0,11.0,9.7,9.0,7.6,5.9,6.4,6.2,5.7,5.4,5.3,5.1,5.5,5.2,5.0,4.1,3.9,3.3,San Francisco
188,Civilian Labor Force,87800.0,87700.0,87900.0,87600.0,88000.0,88000.0,88300.0,87800.0,87500.0,87900.0,88200.0,88200.0,88500.0,89000.0,89200.0,88200.0,88500.0,88800.0,89400.0,89100.0,89000.0,88800.0,88800.0,88600.0,89600.0,89800.0,89900.0,89300.0,89300.0,89600.0,90200.0,89800.0,90200.0,89900.0,89900.0,89800.0,90300.0,90900.0,90900.0,90300.0,90600.0,90900.0,91600.0,91000.0,91300.0,91500.0,91600.0,91500.0,92500.0,92800.0,92800.0,91300.0,91400.0,91500.0,92500.0,92200.0,92300.0,92400.0,92200.0,91800.0,92200.0,92500.0,92300.0,90800.0,90600.0,90900.0,90200.0,89000.0,89000.0,91100.0,89900.0,90500.0,90600.0,91600.0,90900.0,89600.0,90000.0,90800.0,91600.0,91400.0,91600.0,91900.0,92000.0,El Dorado
189,Civilian Employment,81900.0,82100.0,82400.0,82400.0,82900.0,82900.0,83100.0,83000.0,83100.0,83300.0,83500.0,83600.0,83500.0,84100.0,84200.0,83700.0,84200.0,84100.0,84700.0,84500.0,84700.0,84400.0,84500.0,84300.0,84700.0,85100.0,85400.0,85300.0,85600.0,85600.0,86100.0,85800.0,86700.0,86600.0,86500.0,86400.0,86500.0,87200.0,87200.0,87100.0,87700.0,87400.0,88300.0,87700.0,88400.0,88400.0,88400.0,88200.0,88400.0,89000.0,88900.0,88200.0,88500.0,88200.0,89000.0,88900.0,89500.0,89400.0,89200.0,88800.0,88700.0,89200.0,88400.0,76700.0,77100.0,80100.0,81200.0,81500.0,82200.0,85000.0,84800.0,84300.0,84300.0,85600.0,85300.0,84400.0,85000.0,85300.0,86300.0,86200.0,87100.0,87600.0,88300.0,El Dorado
190,Civilian Unemployment,5900.0,5600.0,5500.0,5200.0,5000.0,5100.0,5200.0,4800.0,4400.0,4600.0,4700.0,4600.0,5000.0,4900.0,5000.0,4500.0,4300.0,4600.0,4700.0,4500.0,4400.0,4400.0,4300.0,4300.0,4900.0,4700.0,4500.0,3900.0,3700.0,4100.0,4100.0,4000.0,3500.0,3400.0,3400.0,3300.0,3800.0,3700.0,3700.0,3200.0,2900.0,3500.0,3400.0,3300.0,2900.0,3100.0,3200.0,3300.0,4000.0,3800.0,3800.0,3100.0,2900.0,3300.0,3500.0,3300.0,2800.0,3000.0,3100.0,3000.0,3500.0,3400.0,3900.0,14100.0,13500.0,10900.0,8900.0,7500.0,6800.0,6100.0,5100.0,6100.0,6300.0,6000.0,5700.0,5300.0,5000.0,5500.0,5400.0,5100.0,4500.0,4300.0,3800.0,El Dorado
191,Civilian Unemployment Rate,6.7,6.4,6.3,5.9,5.7,5.8,5.9,5.4,5.1,5.2,5.3,5.2,5.6,5.5,5.6,5.1,4.8,5.2,5.3,5.1,4.9,5.0,4.8,4.8,5.4,5.2,5.0,4.4,4.1,4.5,4.6,4.4,3.9,3.8,3.8,3.7,4.2,4.1,4.1,3.5,3.1,3.8,3.7,3.6,3.2,3.4,3.5,3.6,4.4,4.1,4.1,3.4,3.1,3.7,3.7,3.6,3.0,3.2,3.3,3.3,3.8,3.6,4.2,15.5,14.9,12.0,9.9,8.5,7.7,6.7,5.7,6.8,6.9,6.6,6.2,5.9,5.5,6.1,5.8,5.6,4.9,4.7,4.1,El Dorado
208,Civilian Labor Force,12970.0,13010.0,13110.0,12910.0,13060.0,12850.0,12800.0,12950.0,13210.0,13260.0,12750.0,12690.0,12830.0,12970.0,13070.0,12980.0,12940.0,12960.0,12900.0,12880.0,13040.0,13060.0,12860.0,12900.0,12930.0,13000.0,13040.0,12870.0,12780.0,12700.0,12650.0,12700.0,13040.0,12890.0,12580.0,12560.0,12640.0,12910.0,12860.0,12740.0,12730.0,12640.0,12590.0,12600.0,12890.0,13130.0,12660.0,12830.0,12940.0,13120.0,13050.0,12920.0,12890.0,12920.0,12910.0,12950.0,13290.0,13340.0,12790.0,12720.0,12860.0,13130.0,13190.0,12630.0,12570.0,12550.0,12210.0,12280.0,12370.0,12640.0,12170.0,12230.0,12250.0,12510.0,12740.0,12620.0,12960.0,13060.0,13020.0,12750.0,12860.0,12920.0,12500.0,Glenn
209,Civilian Employment,11560.0,11680.0,11850.0,11730.0,11940.0,11690.0,11600.0,11890.0,12300.0,12380.0,11740.0,11580.0,11540.0,11730.0,11770.0,11890.0,11970.0,11860.0,11780.0,11860.0,12140.0,12200.0,11920.0,11760.0,11700.0,11740.0,11870.0,11840.0,11860.0,11720.0,11660.0,11780.0,12270.0,12180.0,11820.0,11730.0,11630.0,11920.0,11840.0,11870.0,11980.0,11780.0,11700.0,11800.0,12200.0,12480.0,11950.0,11960.0,11880.0,12110.0,12040.0,12090.0,12160.0,12110.0,12070.0,12170.0,12660.0,12720.0,12130.0,11970.0,11870.0,12200.0,12130.0,10810.0,11100.0,11230.0,10970.0,11220.0,11440.0,11780.0,11420.0,11300.0,11270.0,11550.0,11800.0,11760.0,12150.0,12130.0,12110.0,11870.0,12140.0,12220.0,11870.0,Glenn
210,Civilian Unemployment,1410.0,1330.0,1260.0,1190.0,1120.0,1170.0,1200.0,1060.0,910.0,880.0,1010.0,1110.0,1290.0,1240.0,1310.0,1090.0,970.0,1100.0,1120.0,1030.0,900.0,870.0,940.0,1130.0,1230.0,1260.0,1170.0,1030.0,930.0,990.0,990.0,920.0,760.0,710.0,760.0,830.0,1000.0,1000.0,1020.0,860.0,750.0,860.0,900.0,800.0,690.0,650.0,710.0,870.0,1060.0,1010.0,1010.0,830.0,740.0,810.0,840.0,780.0,630.0,620.0,660.0,750.0,990.0,930.0,1060.0,1820.0,1470.0,1320.0,1240.0,1060.0,930.0,860.0,750.0,930.0,980.0,960.0,940.0,860.0,820.0,930.0,900.0,880.0,720.0,700.0,630.0,Glenn
211,Civilian Unemployment Rate,10.8,10.3,9.6,9.2,8.6,9.1,9.4,8.2,6.9,6.6,7.9,8.8,10.1,9.6,10.0,8.4,7.5,8.5,8.7,8.0,6.9,6.6,7.3,8.8,9.5,9.7,9.0,8.0,7.2,7.8,7.8,7.2,5.8,5.5,6.1,6.6,7.9,7.7,8.0,6.8,5.9,6.8,7.1,6.3,5.3,4.9,5.6,6.8,8.2,7.7,7.7,6.4,5.7,6.3,6.5,6.0,4.7,4.6,5.1,5.9,7.7,7.1,8.0,14.4,11.7,10.5,10.1,8.6,7.6,6.8,6.2,7.6,8.0,7.7,7.4,6.8,6.3,7.1,6.9,6.9,5.6,5.4,5.1,Glenn
212,Civilian Labor Force,8770.0,8660.0,8510.0,7960.0,7780.0,8120.0,8520.0,8470.0,7910.0,7720.0,7810.0,8650.0,8950.0,8880.0,8770.0,8290.0,7790.0,8210.0,8530.0,8490.0,8110.0,7780.0,7960.0,8630.0,8970.0,9030.0,8820.0,8670.0,8000.0,8390.0,8710.0,8620.0,8370.0,7850.0,7820.0,8640.0,8960.0,8940.0,8740.0,8400.0,7890.0,8350.0,8680.0,8540.0,8180.0,7900.0,7890.0,8650.0,9130.0,8990.0,8930.0,8610.0,8010.0,8250.0,8680.0,8570.0,8330.0,7980.0,7860.0,8720.0,9120.0,9010.0,8740.0,6670.0,6890.0,7480.0,8080.0,7920.0,7730.0,7420.0,7220.0,7870.0,8580.0,8420.0,8150.0,7420.0,7270.0,7630.0,8050.0,9000.0,8430.0,8020.0,7900.0,Mono
213,Civilian Employment,8260.0,8170.0,8010.0,7410.0,7140.0,7560.0,8030.0,8020.0,7480.0,7210.0,7300.0,8200.0,8490.0,8420.0,8310.0,7900.0,7290.0,7740.0,8070.0,8060.0,7680.0,7300.0,7480.0,8230.0,8560.0,8630.0,8450.0,8360.0,7630.0,7990.0,8300.0,8220.0,8000.0,7470.0,7450.0,8290.0,8600.0,8570.0,8380.0,8100.0,7580.0,8000.0,8330.0,8200.0,7860.0,7530.0,7530.0,8310.0,8760.0,8650.0,8580.0,8340.0,7730.0,7910.0,8350.0,8260.0,8040.0,7640.0,7520.0,8420.0,8790.0,8680.0,8350.0,4790.0,5070.0,5910.0,6970.0,7040.0,6960.0,6670.0,6630.0,7150.0,7810.0,7750.0,7520.0,6870.0,6750.0,7050.0,7500.0,8470.0,7960.0,7550.0,7490.0,Mono
214,Civilian Unemployment,510.0,490.0,500.0,550.0,640.0,560.0,490.0,450.0,430.0,510.0,510.0,460.0,460.0,460.0,450.0,400.0,500.0,470.0,460.0,430.0,430.0,480.0,480.0,400.0,410.0,400.0,370.0,310.0,370.0,410.0,410.0,410.0,370.0,380.0,370.0,350.0,360.0,370.0,350.0,290.0,310.0,350.0,350.0,340.0,320.0,370.0,370.0,340.0,370.0,340.0,350.0,270.0,280.0,340.0,330.0,310.0,290.0,330.0,330.0,300.0,330.0,330.0,390.0,1890.0,1830.0,1570.0,1110.0,870.0,770.0,750.0,590.0,710.0,770.0,670.0,630.0,550.0,520.0,580.0,550.0,530.0,470.0,470.0,410.0,Mono
215,Civilian Unemployment Rate,5.8,5.7,5.9,6.9,8.2,6.9,5.7,5.3,5.5,6.6,6.6,5.3,5.1,5.1,5.2,4.8,6.4,5.7,5.4,5.1,5.2,6.2,6.0,4.6,4.6,4.4,4.2,3.6,4.6,4.9,4.7,4.7,4.4,4.9,4.8,4.0,4.0,4.1,4.0,3.5,3.9,4.2,4.0,4.0,3.9,4.7,4.7,3.9,4.1,3.8,3.9,3.1,3.5,4.1,3.8,3.7,3.5,4.2,4.2,3.5,3.6,3.7,4.4,28.2,26.5,21.0,13.7,11.0,10.0,10.2,8.1,9.1,9.0,8.0,7.7,7.4,7.2,7.6,6.8,5.9,5.6,5.9,5.2,Mono
216,Civilian Labor Force,175600.0,175600.0,176000.0,175200.0,176200.0,176700.0,177400.0,176400.0,176000.0,176700.0,177100.0,177100.0,178600.0,179700.0,180100.0,178300.0,178700.0,179800.0,180900.0,180400.0,180400.0,179900.0,179700.0,179300.0,180600.0,181000.0,181300.0,180100.0,180300.0,181300.0,182600.0,181600.0,182500.0,181800.0,181700.0,181500.0,183900.0,184900.0,185000.0,184000.0,184700.0,185600.0,187100.0,185800.0,186500.0,186500.0,186800.0,186700.0,188800.0,189400.0,189400.0,186800.0,187200.0,187500.0,189400.0,188800.0,189200.0,189400.0,188900.0,188000.0,188700.0,189500.0,188900.0,182100.0,181300.0,184100.0,184400.0,182500.0,182100.0,186300.0,184100.0,184700.0,184500.0,186700.0,185300.0,183100.0,183900.0,185700.0,187300.0,186800.0,186800.0,187500.0,188100.0,Placer
217,Civilian Employment,165300.0,165800.0,166400.0,166400.0,167300.0,167400.0,167900.0,167600.0,167900.0,168300.0,168800.0,169200.0,170100.0,171200.0,171400.0,170400.0,171500.0,171400.0,172300.0,172100.0,172400.0,171900.0,172200.0,171900.0,172300.0,172900.0,173600.0,173200.0,173800.0,173800.0,174900.0,174200.0,176000.0,175600.0,175600.0,175600.0,177200.0,178500.0,178700.0,178400.0,179700.0,179300.0,180900.0,179700.0,181000.0,180800.0,181000.0,180700.0,181700.0,182900.0,182700.0,181400.0,182000.0,181400.0,183000.0,182700.0,183900.0,183800.0,183300.0,182600.0,182400.0,183500.0,182000.0,158000.0,158800.0,164800.0,167100.0,167600.0,168900.0,174600.0,174500.0,173600.0,173400.0,176100.0,175300.0,173600.0,174900.0,175500.0,177300.0,177200.0,178800.0,179900.0,181500.0,Placer
218,Civilian Unemployment,10300.0,9800.0,9600.0,8900.0,8800.0,9300.0,9500.0,8800.0,8200.0,8400.0,8300.0,7900.0,8500.0,8500.0,8700.0,7800.0,7200.0,8400.0,8600.0,8300.0,8000.0,8000.0,7500.0,7400.0,8300.0,8000.0,7700.0,6800.0,6500.0,7400.0,7700.0,7400.0,6500.0,6200.0,6200.0,5900.0,6600.0,6400.0,6300.0,5600.0,5000.0,6300.0,6300.0,6100.0,5500.0,5800.0,5800.0,5900.0,7100.0,6500.0,6700.0,5500.0,5200.0,6100.0,6400.0,6100.0,5300.0,5600.0,5600.0,5400.0,6300.0,6000.0,6900.0,24100.0,22500.0,19300.0,17300.0,14900.0,13200.0,11700.0,9600.0,11100.0,11000.0,10600.0,10000.0,9500.0,9000.0,10200.0,10000.0,9600.0,7900.0,7600.0,6600.0,Placer
219,Civilian Unemployment Rate,5.9,5.6,5.5,5.1,5.0,5.2,5.4,5.0,4.6,4.7,4.7,4.5,4.8,4.7,4.8,4.4,4.0,4.7,4.7,4.6,4.4,4.4,4.2,4.1,4.6,4.4,4.2,3.8,3.6,4.1,4.2,4.1,3.6,3.4,3.4,3.3,3.6,3.5,3.4,3.0,2.7,3.4,3.3,3.3,3.0,3.1,3.1,3.2,3.8,3.4,3.5,2.9,2.8,3.3,3.4,3.2,2.8,3.0,3.0,2.9,3.4,3.1,3.6,13.2,12.4,10.5,9.4,8.2,7.2,6.3,5.2,6.0,6.0,5.7,5.4,5.2,4.9,5.5,5.3,5.1,4.2,4.1,3.5,Placer
228,Civilian Labor Force,62000.0,62500.0,62500.0,62200.0,62800.0,62300.0,61700.0,61600.0,62600.0,62400.0,62900.0,62000.0,61800.0,62600.0,63100.0,62700.0,62700.0,62500.0,61500.0,61700.0,62900.0,63000.0,62500.0,62000.0,62000.0,63000.0,62900.0,62700.0,62900.0,62500.0,61500.0,61700.0,63100.0,62900.0,62600.0,62400.0,61400.0,62300.0,62500.0,62500.0,62900.0,62400.0,61600.0,61800.0,63200.0,63500.0,63500.0,63000.0,62100.0,62600.0,62800.0,62100.0,62200.0,61800.0,61200.0,61300.0,62400.0,62600.0,62400.0,61800.0,61100.0,61800.0,62000.0,58900.0,58200.0,59000.0,58200.0,58000.0,58700.0,59600.0,58700.0,58900.0,58800.0,59700.0,59900.0,59200.0,59800.0,59900.0,59600.0,59900.0,60600.0,60700.0,60600.0,Humboldt
229,Civilian Employment,57800.0,58500.0,58600.0,58700.0,59400.0,58800.0,58000.0,58200.0,59600.0,59300.0,59700.0,58700.0,58300.0,59200.0,59600.0,59700.0,60000.0,59300.0,58200.0,58600.0,60100.0,60100.0,59700.0,59200.0,58800.0,59900.0,60000.0,60100.0,60500.0,59800.0,58600.0,58900.0,60800.0,60700.0,60300.0,60200.0,58800.0,59800.0,60000.0,60300.0,61000.0,60000.0,59100.0,59500.0,61200.0,61400.0,61400.0,60600.0,59200.0,60000.0,60200.0,59900.0,60300.0,59500.0,58700.0,59000.0,60500.0,60500.0,60300.0,59800.0,58600.0,59400.0,59200.0,50000.0,50700.0,52300.0,52000.0,52500.0,53900.0,55200.0,55100.0,54500.0,54400.0,55500.0,55900.0,55500.0,56400.0,56100.0,55800.0,56200.0,57600.0,57800.0,58000.0,Humboldt
230,Civilian Unemployment,4200.0,3900.0,3900.0,3500.0,3300.0,3500.0,3700.0,3400.0,3000.0,3100.0,3200.0,3300.0,3600.0,3400.0,3500.0,3000.0,2700.0,3200.0,3200.0,3100.0,2900.0,2900.0,2800.0,2800.0,3200.0,3100.0,2900.0,2600.0,2400.0,2800.0,2900.0,2800.0,2300.0,2200.0,2300.0,2200.0,2600.0,2500.0,2500.0,2200.0,1900.0,2400.0,2400.0,2300.0,2000.0,2100.0,2100.0,2300.0,2900.0,2600.0,2600.0,2200.0,1900.0,2300.0,2500.0,2300.0,1900.0,2000.0,2100.0,2000.0,2500.0,2400.0,2700.0,9000.0,7500.0,6800.0,6200.0,5400.0,4700.0,4300.0,3600.0,4400.0,4300.0,4200.0,4000.0,3700.0,3400.0,3900.0,3800.0,3700.0,3000.0,2900.0,2600.0,Humboldt
231,Civilian Unemployment Rate,6.7,6.3,6.2,5.6,5.3,5.6,6.0,5.6,4.8,5.0,5.1,5.3,5.8,5.5,5.5,4.9,4.3,5.0,5.2,5.1,4.5,4.6,4.5,4.5,5.2,4.9,4.7,4.2,3.8,4.5,4.7,4.5,3.6,3.5,3.6,3.6,4.2,4.1,4.0,3.5,3.0,3.9,3.9,3.7,3.1,3.3,3.4,3.7,4.7,4.2,4.2,3.5,3.1,3.7,4.0,3.8,3.0,3.2,3.3,3.3,4.2,3.8,4.4,15.2,12.9,11.5,10.6,9.4,8.1,7.3,6.2,7.4,7.4,7.0,6.6,6.3,5.7,6.5,6.4,6.1,5.0,4.8,4.3,Humboldt
236,Civilian Labor Force,4940.0,4950.0,4960.0,5000.0,5220.0,5380.0,5370.0,5470.0,5300.0,5130.0,5030.0,4950.0,4820.0,4900.0,5010.0,4870.0,4990.0,5190.0,5110.0,5270.0,5140.0,5010.0,4840.0,4770.0,4720.0,4810.0,4740.0,4660.0,4860.0,5080.0,4980.0,5110.0,4880.0,4740.0,4590.0,4510.0,4450.0,4530.0,4510.0,4570.0,4710.0,4930.0,4870.0,4960.0,4780.0,4690.0,4610.0,4510.0,4540.0,4520.0,4520.0,4600.0,4750.0,4930.0,4830.0,4850.0,4680.0,4630.0,4480.0,4380.0,4390.0,4430.0,4500.0,4370.0,4380.0,4610.0,4610.0,4710.0,4640.0,4590.0,4470.0,4460.0,4400.0,4470.0,4420.0,4430.0,4590.0,4800.0,4790.0,4900.0,4740.0,4630.0,4520.0,Trinity
237,Civilian Employment,4420.0,4460.0,4470.0,4560.0,4830.0,5000.0,4990.0,5130.0,4990.0,4800.0,4660.0,4560.0,4360.0,4450.0,4560.0,4500.0,4690.0,4870.0,4780.0,4960.0,4850.0,4720.0,4510.0,4430.0,4320.0,4410.0,4350.0,4330.0,4600.0,4800.0,4690.0,4840.0,4650.0,4510.0,4340.0,4230.0,4140.0,4170.0,4140.0,4270.0,4460.0,4670.0,4630.0,4730.0,4570.0,4460.0,4380.0,4250.0,4200.0,4170.0,4170.0,4330.0,4530.0,4690.0,4600.0,4640.0,4490.0,4420.0,4250.0,4140.0,4090.0,4120.0,4140.0,3800.0,3920.0,4200.0,4240.0,4390.0,4340.0,4310.0,4210.0,4120.0,4060.0,4130.0,4090.0,4150.0,4340.0,4520.0,4520.0,4640.0,4520.0,4410.0,4320.0,Trinity
238,Civilian Unemployment,520.0,490.0,490.0,440.0,390.0,380.0,380.0,340.0,310.0,320.0,370.0,390.0,460.0,450.0,460.0,380.0,310.0,320.0,330.0,310.0,290.0,290.0,330.0,340.0,390.0,400.0,390.0,330.0,270.0,290.0,290.0,270.0,230.0,220.0,250.0,280.0,310.0,360.0,370.0,300.0,240.0,270.0,240.0,230.0,210.0,220.0,230.0,260.0,340.0,350.0,360.0,270.0,220.0,240.0,230.0,220.0,190.0,220.0,240.0,250.0,310.0,320.0,370.0,580.0,460.0,410.0,370.0,330.0,300.0,290.0,250.0,340.0,340.0,340.0,330.0,290.0,260.0,280.0,270.0,260.0,220.0,210.0,200.0,Trinity
239,Civilian Unemployment Rate,10.5,10.0,9.9,8.7,7.4,7.0,7.1,6.3,5.9,6.3,7.3,7.9,9.6,9.1,9.1,7.7,6.1,6.2,6.4,6.0,5.6,5.8,6.8,7.1,8.4,8.4,8.2,7.0,5.5,5.6,5.7,5.2,4.6,4.7,5.4,6.3,6.9,8.0,8.2,6.5,5.2,5.4,5.0,4.6,4.4,4.8,5.0,5.9,7.4,7.7,7.9,5.9,4.5,4.8,4.8,4.4,4.0,4.6,5.3,5.7,7.0,7.2,8.2,13.2,10.5,8.9,8.0,6.9,6.5,6.2,5.7,7.6,7.8,7.6,7.4,6.5,5.6,5.7,5.6,5.3,4.6,4.6,4.4,Trinity
240,Civilian Labor Force,28820.0,29130.0,29150.0,29160.0,29620.0,29260.0,28710.0,29680.0,28900.0,28510.0,28570.0,28580.0,28700.0,29110.0,29190.0,28910.0,29240.0,29150.0,28680.0,29560.0,29380.0,29190.0,28870.0,28820.0,29370.0,29490.0,29790.0,29270.0,29380.0,29320.0,29260.0,29940.0,29630.0,29130.0,28590.0,28700.0,29140.0,29530.0,29500.0,28850.0,29030.0,29230.0,28860.0,29090.0,29030.0,29050.0,28740.0,28810.0,29110.0,29360.0,29200.0,29100.0,29150.0,29260.0,28710.0,29190.0,29010.0,28910.0,28500.0,28580.0,28620.0,28920.0,28730.0,27960.0,27810.0,28180.0,27780.0,28320.0,28410.0,28590.0,27810.0,28060.0,28660.0,29090.0,29150.0,28710.0,29380.0,29670.0,29330.0,29650.0,29260.0,28790.0,28340.0,Lake
241,Civilian Employment,26100.0,26570.0,26680.0,26970.0,27510.0,27090.0,26560.0,27670.0,27010.0,26440.0,26440.0,26430.0,26410.0,26900.0,26980.0,26970.0,27520.0,27260.0,26810.0,27720.0,27610.0,27360.0,26950.0,26810.0,27220.0,27450.0,27870.0,27580.0,27850.0,27670.0,27570.0,28320.0,28180.0,27630.0,27020.0,27050.0,27310.0,27800.0,27760.0,27300.0,27730.0,27710.0,27380.0,27620.0,27700.0,27640.0,27260.0,27120.0,27170.0,27600.0,27450.0,27640.0,27900.0,27820.0,27240.0,27840.0,27810.0,27580.0,27040.0,27000.0,26830.0,27250.0,26840.0,23480.0,23860.0,24720.0,24730.0,25630.0,25890.0,26220.0,25760.0,25590.0,26100.0,26680.0,26840.0,26540.0,27350.0,27450.0,27160.0,27580.0,27440.0,27010.0,26690.0,Lake
242,Civilian Unemployment,2720.0,2560.0,2470.0,2190.0,2100.0,2170.0,2150.0,2010.0,1890.0,2060.0,2130.0,2150.0,2290.0,2210.0,2210.0,1950.0,1720.0,1890.0,1870.0,1840.0,1770.0,1830.0,1920.0,2010.0,2150.0,2050.0,1920.0,1680.0,1530.0,1660.0,1690.0,1620.0,1450.0,1500.0,1570.0,1660.0,1830.0,1730.0,1740.0,1540.0,1310.0,1520.0,1490.0,1480.0,1330.0,1410.0,1470.0,1700.0,1940.0,1760.0,1750.0,1450.0,1250.0,1440.0,1470.0,1350.0,1200.0,1330.0,1460.0,1580.0,1790.0,1670.0,1890.0,4480.0,3950.0,3460.0,3050.0,2690.0,2520.0,2370.0,2050.0,2470.0,2560.0,2410.0,2310.0,2170.0,2030.0,2220.0,2170.0,2070.0,1820.0,1790.0,1650.0,Lake
243,Civilian Unemployment Rate,9.4,8.8,8.5,7.5,7.1,7.4,7.5,6.8,6.5,7.2,7.4,7.5,8.0,7.6,7.6,6.7,5.9,6.5,6.5,6.2,6.0,6.3,6.7,7.0,7.3,6.9,6.4,5.8,5.2,5.6,5.8,5.4,4.9,5.1,5.5,5.8,6.3,5.9,5.9,5.4,4.5,5.2,5.1,5.1,4.6,4.9,5.1,5.9,6.6,6.0,6.0,5.0,4.3,4.9,5.1,4.6,4.1,4.6,5.1,5.5,6.3,5.8,6.6,16.0,14.2,12.3,11.0,9.5,8.9,8.3,7.4,8.8,8.9,8.3,7.9,7.5,6.9,7.5,7.4,7.0,6.2,6.2,5.8,Lake
248,Civilian Labor Force,17760.0,17730.0,17740.0,17570.0,17950.0,18380.0,18120.0,18330.0,18090.0,17990.0,17530.0,17400.0,17670.0,17670.0,17800.0,17540.0,17530.0,18120.0,18310.0,18280.0,18130.0,18190.0,17960.0,17560.0,17500.0,17630.0,17690.0,17670.0,17810.0,18280.0,18090.0,18080.0,18220.0,18070.0,17460.0,17090.0,16920.0,17170.0,17280.0,17160.0,17270.0,17870.0,17770.0,17700.0,17440.0,17930.0,17210.0,16690.0,16980.0,16930.0,16900.0,16800.0,16990.0,17480.0,17900.0,17560.0,17500.0,17560.0,16850.0,16460.0,16950.0,16970.0,17090.0,16710.0,16550.0,17220.0,17080.0,16940.0,16960.0,17320.0,16810.0,16470.0,16500.0,16640.0,16640.0,16600.0,16860.0,16920.0,17340.0,17260.0,17230.0,17330.0,16940.0,Siskiyou
249,Civilian Employment,15490.0,15510.0,15680.0,15920.0,16420.0,16830.0,16600.0,16930.0,16790.0,16650.0,15990.0,15590.0,15560.0,15620.0,15800.0,16020.0,16290.0,16800.0,16980.0,17010.0,16920.0,16960.0,16580.0,15910.0,15760.0,15780.0,15960.0,16340.0,16680.0,17120.0,16910.0,16940.0,17240.0,17080.0,16360.0,15780.0,15410.0,15560.0,15700.0,15940.0,16300.0,16790.0,16700.0,16700.0,16540.0,16990.0,16200.0,15430.0,15400.0,15330.0,15320.0,15590.0,16060.0,16460.0,16870.0,16620.0,16690.0,16730.0,15940.0,15330.0,15520.0,15540.0,15520.0,14110.0,14460.0,15340.0,15320.0,15410.0,15600.0,16060.0,15670.0,14910.0,14870.0,15000.0,15090.0,15260.0,15680.0,15600.0,16030.0,16020.0,16160.0,16290.0,15970.0,Siskiyou
250,Civilian Unemployment,2270.0,2230.0,2070.0,1660.0,1530.0,1550.0,1520.0,1410.0,1300.0,1340.0,1540.0,1810.0,2110.0,2040.0,2000.0,1520.0,1240.0,1320.0,1340.0,1280.0,1210.0,1230.0,1380.0,1650.0,1740.0,1850.0,1730.0,1330.0,1130.0,1160.0,1180.0,1140.0,990.0,990.0,1090.0,1300.0,1510.0,1610.0,1580.0,1220.0,970.0,1080.0,1070.0,1000.0,900.0,940.0,1020.0,1250.0,1570.0,1600.0,1580.0,1210.0,930.0,1010.0,1030.0,940.0,800.0,840.0,910.0,1130.0,1440.0,1430.0,1570.0,2610.0,2090.0,1880.0,1760.0,1540.0,1360.0,1260.0,1150.0,1570.0,1630.0,1630.0,1540.0,1330.0,1190.0,1320.0,1310.0,1240.0,1070.0,1040.0,970.0,Siskiyou
251,Civilian Unemployment Rate,12.8,12.6,11.6,9.4,8.5,8.4,8.4,7.7,7.2,7.4,8.8,10.4,12.0,11.6,11.2,8.7,7.1,7.3,7.3,7.0,6.6,6.8,7.7,9.4,10.0,10.5,9.8,7.5,6.3,6.3,6.5,6.3,5.4,5.5,6.3,7.6,8.9,9.4,9.2,7.1,5.6,6.1,6.0,5.6,5.2,5.2,5.9,7.5,9.3,9.4,9.4,7.2,5.5,5.8,5.7,5.4,4.6,4.8,5.4,6.9,8.5,8.4,9.2,15.6,12.6,10.9,10.3,9.1,8.0,7.3,6.8,9.5,9.9,9.8,9.3,8.0,7.0,7.8,7.5,7.2,6.2,6.0,5.7,Siskiyou
