Unnamed: 0,Employment,Jan-15,Feb-15,Mar-15,Apr-15,May-15,Jun-15,Jul-15,Aug-15,Sep-15,Oct-15,Nov-15,Dec-15,Jan-16,Feb-16,Mar-16,Apr-16,May-16,Jun-16,Jul-16,Aug-16,Sep-16,Oct-16,Nov-16,Dec-16,Jan-17,Feb-17,Mar-17,Apr-17,May-17,Jun-17,Jul-17,Aug-17,Sep-17,Oct-17,Nov-17,Dec-17,Jan-18,Feb-18,Mar-18,Apr-18,May-18,Jun-18,Jul-18,Aug-18,Sep-18,Oct-18,Nov-18,Dec-18,Jan-19,Feb-19,Mar-19,Apr-19,May-19,Jun-19,Jul-19,Aug-19,Sep-19,Oct-19,Nov-19,Dec-19,Jan-20,Feb-20,Mar-20,Apr-20,May-20,Jun-20,Jul-20,Aug-20,Sep-20,Oct-20,Nov-20,Dec-20,Jan-21,Feb-21,Mar-21,Apr-21,May-21,Jun-21,Jul-21,Aug-21,Sep-21,Oct-21,Nov-21,COUNTY
0,Civilian Labor Force,21450.0,21380.0,21420.0,21410.0,21760.0,21730.0,21770.0,21640.0,21580.0,21420.0,21460.0,21380.0,21500.0,21810.0,21880.0,21370.0,21460.0,21730.0,21850.0,21650.0,21620.0,21480.0,21350.0,21110.0,21180.0,21450.0,21430.0,21250.0,21160.0,21550.0,21750.0,21560.0,21550.0,21380.0,21240.0,21100.0,20910.0,21330.0,21220.0,21030.0,20960.0,21340.0,21450.0,21080.0,21300.0,21270.0,21150.0,21230.0,21040.0,21200.0,21270.0,20840.0,20820.0,21010.0,21220.0,21010.0,20980.0,20650.0,20640.0,20490.0,20440.0,20600.0,20490.0,19680.0,19570.0,20100.0,20220.0,20080.0,19850.0,19960.0,19620.0,19860.0,19810.0,19870.0,19710.0,19470.0,19730.0,19830.0,20050.0,20100.0,19900.0,19690.0,19610.0,Tuolumne
32,Civilian Labor Force,7600.0,7550.0,7610.0,7580.0,8100.0,8330.0,8300.0,8360.0,8160.0,7950.0,7620.0,7530.0,7480.0,7590.0,7600.0,7560.0,7950.0,8390.0,8380.0,8360.0,8160.0,7820.0,7520.0,7400.0,7310.0,7460.0,7530.0,7480.0,7850.0,8300.0,8430.0,8220.0,8020.0,7870.0,7410.0,7350.0,7300.0,7450.0,7500.0,7540.0,7880.0,8260.0,8450.0,8350.0,8150.0,7910.0,7560.0,7450.0,7520.0,7550.0,7530.0,7630.0,8000.0,8300.0,8460.0,8390.0,8120.0,7940.0,7660.0,7440.0,7410.0,7480.0,7660.0,7380.0,7480.0,7820.0,7870.0,7950.0,7710.0,7630.0,7160.0,7160.0,7090.0,7200.0,7230.0,7350.0,7830.0,8140.0,8220.0,8220.0,8000.0,7800.0,7400.0,Plumas
62,Civilian Labor Force,9820.0,9760.0,9820.0,9910.0,9990.0,10090.0,9740.0,9840.0,10010.0,9840.0,9780.0,9680.0,9600.0,9630.0,9780.0,9730.0,9770.0,9970.0,9790.0,9780.0,9960.0,9850.0,9650.0,9570.0,9670.0,9710.0,9660.0,9650.0,9650.0,9740.0,9720.0,9880.0,9900.0,9780.0,9570.0,9510.0,9680.0,9760.0,9800.0,9640.0,9720.0,9840.0,9680.0,9810.0,9840.0,9740.0,9550.0,9500.0,9650.0,9620.0,9640.0,9520.0,9550.0,9690.0,9600.0,9730.0,9760.0,9760.0,9470.0,9420.0,9610.0,9540.0,9660.0,9250.0,9100.0,9400.0,9200.0,9420.0,9320.0,9400.0,9120.0,9180.0,9310.0,9320.0,9280.0,9200.0,9240.0,9390.0,9570.0,9760.0,9530.0,9500.0,9250.0,Del Norte
87,Civilian Labor Force,203300.0,203900.0,204300.0,203600.0,204700.0,205200.0,205200.0,204700.0,205000.0,205700.0,206600.0,206200.0,205500.0,206900.0,207900.0,205900.0,206200.0,207800.0,207300.0,206900.0,208200.0,208300.0,208600.0,207900.0,207100.0,207100.0,208100.0,206900.0,207600.0,208400.0,208900.0,208900.0,209900.0,207800.0,208200.0,208100.0,207100.0,208500.0,208500.0,208100.0,208500.0,209700.0,210300.0,208700.0,209300.0,209900.0,210300.0,209800.0,208900.0,209500.0,209200.0,207500.0,207500.0,208000.0,208700.0,207700.0,208700.0,207500.0,207100.0,206400.0,206400.0,207500.0,207000.0,200400.0,198900.0,202400.0,202700.0,200400.0,199300.0,204600.0,201200.0,202800.0,201200.0,203700.0,202000.0,198900.0,200600.0,201900.0,204100.0,203300.0,202300.0,202600.0,202700.0,Vallejo Fairfield MSA (Solano County)
135,Civilian Labor Force,27500.0,27500.0,27700.0,27500.0,27800.0,27800.0,27900.0,28100.0,27800.0,27800.0,27700.0,27700.0,27900.0,28100.0,28300.0,27800.0,27900.0,28400.0,28300.0,28400.0,28500.0,28200.0,28000.0,28000.0,28800.0,28700.0,29000.0,28700.0,28700.0,28900.0,28600.0,28800.0,28900.0,28600.0,28600.0,28500.0,28900.0,29100.0,29300.0,29000.0,29200.0,29500.0,29300.0,29600.0,29400.0,29400.0,29100.0,29000.0,29500.0,29600.0,29800.0,29300.0,29400.0,29600.0,29600.0,29900.0,29800.0,30200.0,30000.0,30000.0,30200.0,30400.0,30600.0,30100.0,29900.0,30400.0,30200.0,29900.0,29800.0,30100.0,29400.0,29500.0,29000.0,29500.0,29200.0,29300.0,29700.0,30500.0,30400.0,30400.0,30600.0,30500.0,30400.0,Yuba
160,Civilian Labor Force,811500.0,813100.0,815300.0,813600.0,818500.0,818800.0,824800.0,822000.0,820300.0,822200.0,823800.0,824300.0,823100.0,828300.0,831300.0,825500.0,826700.0,830200.0,837700.0,834200.0,837300.0,837500.0,836400.0,833600.0,835800.0,838200.0,841100.0,832800.0,834200.0,836900.0,844800.0,840200.0,844000.0,839700.0,839300.0,837400.0,834500.0,840800.0,842400.0,836500.0,839100.0,841300.0,847900.0,840600.0,844100.0,843300.0,843900.0,843400.0,840500.0,845300.0,845300.0,834500.0,835900.0,837800.0,846200.0,841500.0,843700.0,841000.0,841000.0,840300.0,838000.0,842100.0,836800.0,799000.0,800600.0,813700.0,811500.0,803800.0,799200.0,812800.0,801300.0,806800.0,802200.0,811100.0,805700.0,793900.0,799600.0,803500.0,811500.0,806400.0,807100.0,810700.0,813300.0,Alameda
196,Civilian Labor Force,7540.0,7400.0,7520.0,7750.0,8200.0,8640.0,8710.0,8700.0,8590.0,7980.0,7630.0,7480.0,7360.0,7310.0,7130.0,7200.0,7470.0,8040.0,8190.0,8090.0,7930.0,7580.0,7300.0,7210.0,6990.0,7060.0,7130.0,7430.0,7740.0,8160.0,8350.0,8310.0,8170.0,7900.0,7410.0,7260.0,7330.0,7350.0,7430.0,7550.0,7790.0,8100.0,8030.0,7880.0,7960.0,7780.0,7410.0,7200.0,7130.0,7330.0,7370.0,7360.0,7660.0,7780.0,8120.0,8040.0,8040.0,7830.0,7560.0,7230.0,7450.0,7500.0,7520.0,7150.0,7100.0,7410.0,7360.0,7230.0,7070.0,6990.0,6610.0,6560.0,6760.0,6710.0,6680.0,6810.0,7200.0,7730.0,7950.0,7820.0,7730.0,7520.0,7170.0,Mariposa
224,Civilian Labor Force,681900.0,681900.0,683100.0,679900.0,683200.0,686300.0,689400.0,685500.0,683600.0,685800.0,686900.0,687500.0,689900.0,693500.0,695400.0,688600.0,689800.0,695400.0,700000.0,697600.0,697100.0,694600.0,693600.0,692000.0,694600.0,695600.0,697200.0,692400.0,692800.0,697100.0,702400.0,698400.0,700600.0,697600.0,697700.0,696900.0,698000.0,701900.0,701900.0,697800.0,700500.0,705200.0,710900.0,705600.0,707200.0,706700.0,707200.0,707400.0,711100.0,712900.0,713100.0,703200.0,704600.0,707100.0,714100.0,711700.0,712100.0,713000.0,711000.0,708000.0,711000.0,713800.0,712300.0,695800.0,694900.0,708600.0,711800.0,704300.0,702800.0,716900.0,705200.0,708900.0,706900.0,714100.0,707600.0,699800.0,702600.0,710300.0,716200.0,713600.0,712700.0,715100.0,715700.0,Sacramento
259,Civilian Labor Force,962800.0,967300.0,969900.0,964900.0,971100.0,970700.0,983700.0,982900.0,981900.0,983200.0,983700.0,985700.0,986600.0,994300.0,998300.0,988000.0,989100.0,992700.0,1005900.0,1003300.0,1004600.0,1002000.0,1001400.0,999100.0,1004300.0,1010000.0,1010300.0,1001200.0,1000600.0,1003000.0,1017300.0,1012200.0,1016500.0,1009000.0,1010800.0,1008400.0,1001200.0,1010600.0,1013100.0,1006500.0,1009500.0,1014100.0,1027200.0,1021100.0,1024600.0,1026700.0,1028600.0,1028700.0,1026500.0,1035200.0,1035400.0,1025700.0,1025900.0,1029300.0,1045400.0,1041600.0,1044200.0,1042200.0,1039900.0,1039300.0,1037700.0,1043300.0,1034300.0,978000.0,974000.0,985000.0,981800.0,971200.0,962900.0,979800.0,965100.0,966100.0,957200.0,970500.0,968600.0,963200.0,971100.0,982600.0,1001900.0,995100.0,998700.0,1004600.0,1010600.0,San Francisco Redwood City South San Francisco MD (San Francisco and San Mateo Counties)
351,Civilian Labor Force,137800.0,137700.0,138400.0,138100.0,139100.0,139000.0,140200.0,139800.0,138700.0,139000.0,138400.0,138000.0,138100.0,139300.0,139600.0,138400.0,139100.0,139900.0,141700.0,140900.0,140200.0,140100.0,139300.0,139100.0,138800.0,139800.0,140000.0,138800.0,139200.0,140200.0,141500.0,140300.0,140400.0,139500.0,139400.0,138800.0,138400.0,139300.0,139200.0,138500.0,139100.0,139600.0,141600.0,139900.0,140500.0,140600.0,140200.0,139600.0,138500.0,138800.0,139100.0,137100.0,137400.0,138000.0,140100.0,139100.0,139300.0,139100.0,138400.0,138000.0,137800.0,137900.0,136500.0,123500.0,124700.0,128400.0,129200.0,128100.0,127500.0,131000.0,128800.0,128200.0,128700.0,131100.0,131300.0,129700.0,130300.0,131700.0,134500.0,133800.0,133900.0,134800.0,134700.0,San Rafael MD (Marin County)
390,Civilian Labor Force,1049200.0,1049100.0,1051400.0,1046300.0,1051200.0,1055600.0,1060100.0,1053800.0,1050600.0,1054400.0,1056400.0,1057600.0,1062700.0,1068600.0,1071300.0,1060500.0,1062200.0,1070700.0,1078200.0,1073800.0,1072700.0,1069000.0,1067400.0,1065000.0,1071100.0,1072900.0,1075400.0,1068000.0,1068700.0,1075000.0,1083100.0,1076700.0,1080000.0,1075400.0,1075500.0,1074600.0,1078600.0,1085200.0,1085300.0,1079000.0,1083000.0,1089700.0,1098600.0,1090500.0,1092700.0,1092000.0,1092700.0,1093300.0,1100300.0,1103600.0,1103800.0,1088300.0,1090400.0,1093900.0,1105100.0,1101300.0,1101800.0,1102800.0,1099300.0,1095000.0,1099800.0,1104300.0,1102100.0,1070500.0,1068200.0,1087600.0,1091400.0,1079700.0,1077500.0,1100300.0,1083700.0,1089100.0,1086900.0,1098900.0,1089500.0,1077500.0,1082100.0,1093400.0,1102700.0,1098900.0,1097800.0,1101600.0,1102600.0,Sacramento Roseville Arden Arcade MSA (El Dorado Placer Sacramento and Yolo Counties)
475,Civilian Labor Force,29600.0,29700.0,29800.0,29700.0,29800.0,29900.0,29900.0,29800.0,29600.0,29800.0,29700.0,29700.0,30300.0,30500.0,30700.0,30400.0,30400.0,30700.0,30600.0,30500.0,30400.0,30500.0,30300.0,30100.0,30100.0,30400.0,30600.0,30600.0,30600.0,30800.0,31200.0,30900.0,30700.0,30600.0,30500.0,30300.0,30800.0,31300.0,31300.0,31100.0,31100.0,31400.0,31600.0,31100.0,31100.0,31300.0,31200.0,31200.0,32200.0,32500.0,32500.0,32000.0,31900.0,32100.0,32500.0,32200.0,32100.0,32400.0,32400.0,32200.0,32300.0,32500.0,32500.0,32600.0,31500.0,31400.0,31400.0,30900.0,30500.0,31200.0,30700.0,30700.0,30900.0,31400.0,31200.0,31000.0,31100.0,31400.0,31800.0,31500.0,31500.0,31800.0,31700.0,San Benito
510,Civilian Labor Force,141800.0,142100.0,143400.0,143300.0,145200.0,146500.0,145800.0,144300.0,141300.0,142900.0,141700.0,140000.0,142000.0,143400.0,144200.0,144100.0,144900.0,147100.0,146000.0,144600.0,142900.0,143400.0,142200.0,140500.0,139800.0,142100.0,143200.0,143000.0,144100.0,146800.0,145600.0,143600.0,142700.0,142300.0,140600.0,138500.0,138800.0,141200.0,141500.0,141000.0,142300.0,144400.0,144100.0,141900.0,141100.0,141000.0,139700.0,138300.0,138300.0,140800.0,141300.0,140200.0,141200.0,143500.0,143800.0,143100.0,142300.0,141400.0,139600.0,137700.0,138400.0,139700.0,139100.0,132200.0,131300.0,134300.0,134700.0,132200.0,131100.0,133100.0,129300.0,128500.0,128500.0,130500.0,129800.0,129500.0,131800.0,134400.0,135300.0,135000.0,134000.0,134500.0,133100.0,Santa Cruz Watsonville MSA (Santa Cruz County)
548,Civilian Labor Force,3140.0,3110.0,3220.0,3340.0,3360.0,3520.0,3480.0,3420.0,3390.0,3360.0,3190.0,3100.0,3110.0,3110.0,3250.0,3300.0,3330.0,3500.0,3410.0,3360.0,3330.0,3400.0,3260.0,3140.0,3150.0,3150.0,3150.0,3170.0,3250.0,3320.0,3260.0,3290.0,3240.0,3250.0,3090.0,3030.0,3070.0,3090.0,3080.0,3090.0,3200.0,3300.0,3190.0,3230.0,3230.0,3240.0,3090.0,3060.0,3070.0,3090.0,3080.0,3100.0,3220.0,3350.0,3280.0,3270.0,3190.0,3260.0,3170.0,3030.0,3050.0,3100.0,3220.0,3170.0,3080.0,3220.0,3210.0,3190.0,3210.0,3320.0,3160.0,3110.0,3120.0,3150.0,3230.0,3280.0,3350.0,3440.0,3420.0,3450.0,3390.0,3460.0,3330.0,Modoc
569,Civilian Labor Force,39740.0,39740.0,40000.0,40040.0,40350.0,40450.0,39580.0,40130.0,39730.0,39620.0,39280.0,39290.0,39260.0,39660.0,40310.0,39580.0,39720.0,40270.0,39740.0,39900.0,39670.0,39410.0,38880.0,39010.0,39270.0,39680.0,39810.0,39360.0,39590.0,40010.0,39710.0,40020.0,39970.0,39480.0,38830.0,39010.0,38930.0,39420.0,39440.0,39240.0,39560.0,39230.0,39800.0,39910.0,39640.0,39930.0,39420.0,38960.0,38680.0,38810.0,39030.0,38620.0,38640.0,38770.0,38850.0,38760.0,38810.0,38690.0,38120.0,38070.0,38160.0,38220.0,38580.0,36600.0,35940.0,37100.0,36750.0,36870.0,36800.0,37000.0,35950.0,36220.0,36210.0,36730.0,36470.0,35960.0,36350.0,36670.0,36980.0,36690.0,36930.0,36740.0,36400.0,Mendocino
601,Civilian Labor Force,1002100.0,1005500.0,1005100.0,1004100.0,1010300.0,1014700.0,1018500.0,1016200.0,1014800.0,1019500.0,1018100.0,1017600.0,1020200.0,1025600.0,1027400.0,1020200.0,1023400.0,1031000.0,1035700.0,1032300.0,1031700.0,1030200.0,1030000.0,1027300.0,1033600.0,1036900.0,1038300.0,1030900.0,1031900.0,1038500.0,1050600.0,1043000.0,1043000.0,1036700.0,1038000.0,1034800.0,1030500.0,1039000.0,1039400.0,1033300.0,1037600.0,1045700.0,1054500.0,1043600.0,1044600.0,1046600.0,1048300.0,1046400.0,1045900.0,1051800.0,1051600.0,1036400.0,1038100.0,1042700.0,1055300.0,1050400.0,1050200.0,1052500.0,1052000.0,1051700.0,1050100.0,1055200.0,1046300.0,1007200.0,1006200.0,1017300.0,1017500.0,1009000.0,1000200.0,1019000.0,1009900.0,1010500.0,1004000.0,1019200.0,1011200.0,1002900.0,1008200.0,1014100.0,1028300.0,1024200.0,1027100.0,1034600.0,1037100.0,Santa Clara
636,Civilian Labor Force,10740.0,10900.0,10790.0,10760.0,11120.0,11180.0,11530.0,11630.0,11490.0,11200.0,10600.0,10690.0,10790.0,10960.0,11070.0,10940.0,11050.0,11160.0,11060.0,10990.0,10900.0,10820.0,10610.0,10550.0,10540.0,10680.0,10820.0,10450.0,10660.0,10720.0,10850.0,11090.0,11060.0,11350.0,10850.0,10830.0,10610.0,11130.0,11210.0,10950.0,11150.0,11030.0,10950.0,10850.0,10830.0,10520.0,10600.0,10400.0,10660.0,11020.0,11010.0,11150.0,11170.0,10920.0,10890.0,11410.0,10990.0,11130.0,10740.0,10610.0,10610.0,10830.0,11260.0,10890.0,10140.0,10070.0,10340.0,10460.0,10320.0,10610.0,10200.0,10280.0,10260.0,10620.0,10510.0,10700.0,11040.0,11080.0,11220.0,11390.0,11200.0,11180.0,10630.0,Colusa
664,Civilian Labor Force,9070.0,9040.0,9080.0,9050.0,9170.0,9280.0,9290.0,9210.0,9150.0,8930.0,8860.0,8860.0,8840.0,8900.0,8950.0,8790.0,8860.0,8960.0,9040.0,8980.0,8920.0,8760.0,8720.0,8600.0,8640.0,8670.0,8650.0,8510.0,8540.0,8620.0,8790.0,8720.0,8730.0,8600.0,8430.0,8440.0,8550.0,8620.0,8650.0,8570.0,8640.0,8850.0,8880.0,8840.0,8790.0,8740.0,8670.0,8660.0,8660.0,8700.0,8690.0,8600.0,8660.0,8780.0,8920.0,8910.0,8840.0,8810.0,8780.0,8680.0,8620.0,8610.0,8580.0,7940.0,8030.0,8500.0,8350.0,8220.0,8160.0,8290.0,8180.0,8180.0,8270.0,8340.0,8300.0,8130.0,8190.0,8270.0,8380.0,8290.0,8240.0,8220.0,8190.0,Inyo
696,Civilian Labor Force,255200.0,256200.0,256600.0,256600.0,258900.0,258000.0,259600.0,259100.0,259900.0,258500.0,256700.0,256600.0,256300.0,258600.0,259300.0,257900.0,259300.0,259300.0,260100.0,260800.0,262600.0,260500.0,258100.0,258000.0,257900.0,259500.0,260200.0,259200.0,260200.0,260200.0,261500.0,262100.0,264700.0,257600.0,257900.0,258300.0,257700.0,260200.0,259500.0,259200.0,261200.0,260400.0,262200.0,261500.0,263600.0,262700.0,260200.0,259100.0,256100.0,257200.0,257400.0,254200.0,255600.0,255300.0,258600.0,258700.0,261000.0,259700.0,256100.0,255100.0,254100.0,256000.0,254500.0,241000.0,240100.0,245300.0,245200.0,243400.0,241900.0,244300.0,239000.0,236300.0,235800.0,241400.0,240900.0,238100.0,242500.0,244500.0,249300.0,248600.0,249500.0,249300.0,247600.0,Santa Rosa MSA (Sonoma County)
746,Civilian Labor Force,214400.0,217000.0,218600.0,218900.0,220300.0,219200.0,218800.0,217300.0,216500.0,216000.0,215200.0,213700.0,213000.0,214800.0,217500.0,216200.0,216300.0,217100.0,217100.0,215500.0,214800.0,214700.0,214700.0,211300.0,211500.0,212900.0,214700.0,216800.0,216600.0,217400.0,217400.0,215500.0,216700.0,215800.0,215500.0,210500.0,209600.0,214700.0,215000.0,215300.0,217200.0,218200.0,217100.0,215100.0,215500.0,217000.0,215400.0,212800.0,218200.0,220100.0,222200.0,223100.0,222700.0,224400.0,224000.0,221400.0,222000.0,224400.0,223300.0,221500.0,219200.0,222000.0,222700.0,214300.0,215600.0,216800.0,219400.0,216300.0,215700.0,219300.0,215800.0,213100.0,210900.0,213600.0,214400.0,216200.0,219400.0,221600.0,221900.0,220700.0,221500.0,221200.0,220600.0,Santa Maria Santa Barbara MSA (Santa Barbara County)
797,Civilian Labor Force,438800.0,440400.0,441700.0,440700.0,445200.0,444700.0,443000.0,440200.0,440000.0,438100.0,435100.0,435900.0,440800.0,443300.0,446800.0,446900.0,446700.0,448000.0,448600.0,447400.0,447400.0,441500.0,441200.0,438200.0,443300.0,448100.0,448400.0,450500.0,447800.0,447500.0,447200.0,446300.0,447400.0,436700.0,437600.0,436400.0,440400.0,446400.0,446700.0,445500.0,448000.0,451000.0,448400.0,446900.0,448200.0,444300.0,443800.0,445400.0,450200.0,451300.0,452200.0,450300.0,452600.0,451700.0,449400.0,449800.0,451400.0,450200.0,448100.0,448800.0,451100.0,453600.0,456100.0,445100.0,444200.0,448100.0,441000.0,439500.0,438800.0,444000.0,439400.0,445200.0,441800.0,443100.0,439100.0,436900.0,445800.0,446800.0,448600.0,446500.0,445600.0,443000.0,445100.0,Fresno MSA
856,Civilian Labor Force,48790.0,48350.0,48140.0,47530.0,48010.0,48320.0,47890.0,48390.0,47650.0,47450.0,47610.0,47950.0,48600.0,48710.0,48630.0,47650.0,47320.0,48080.0,48010.0,48630.0,48250.0,48000.0,47760.0,48110.0,48450.0,48830.0,48520.0,47820.0,47530.0,48510.0,48170.0,48940.0,48600.0,48160.0,47920.0,48400.0,48690.0,48860.0,48760.0,47940.0,47950.0,48510.0,48370.0,48750.0,48630.0,48700.0,48730.0,48900.0,49240.0,49110.0,49060.0,48300.0,47750.0,48240.0,48440.0,48290.0,48050.0,48020.0,47970.0,48250.0,48770.0,48780.0,48240.0,44240.0,44450.0,46210.0,46270.0,46230.0,45830.0,46610.0,45650.0,46600.0,46760.0,47030.0,46550.0,45400.0,45650.0,46570.0,47110.0,47900.0,47750.0,47750.0,47860.0,Nevada
884,Civilian Labor Force,239900.0,240400.0,241300.0,240000.0,241700.0,240800.0,242200.0,244600.0,241600.0,240200.0,240100.0,239100.0,240300.0,241200.0,244100.0,240400.0,242200.0,241700.0,246200.0,246700.0,246200.0,242900.0,242000.0,239100.0,239600.0,241400.0,243400.0,241100.0,242800.0,241300.0,244400.0,246200.0,243900.0,240900.0,241300.0,239300.0,240700.0,242400.0,242900.0,241800.0,244700.0,244300.0,245800.0,243800.0,245100.0,243200.0,242600.0,239800.0,241500.0,241800.0,243500.0,240600.0,241900.0,241800.0,244400.0,243400.0,245000.0,242300.0,243100.0,240000.0,240700.0,242300.0,244300.0,240000.0,238000.0,240800.0,240600.0,241700.0,239800.0,242100.0,237900.0,239500.0,237300.0,240400.0,239600.0,237100.0,239700.0,241800.0,247000.0,244800.0,244500.0,241400.0,241300.0,Modesto MSA (Stanislaus County)
928,Civilian Labor Force,393200.0,393000.0,385000.0,388600.0,394500.0,389700.0,391500.0,393900.0,391700.0,390700.0,386400.0,383700.0,391300.0,390300.0,383700.0,387300.0,388600.0,389700.0,388200.0,389800.0,390800.0,390600.0,385800.0,381200.0,385300.0,385100.0,382200.0,383300.0,385600.0,386700.0,383900.0,387000.0,388300.0,385700.0,382900.0,376100.0,382000.0,384600.0,377100.0,381400.0,385200.0,387200.0,387700.0,389700.0,389600.0,391500.0,389000.0,384900.0,390700.0,389400.0,382500.0,383400.0,385200.0,389300.0,381900.0,394100.0,394200.0,393500.0,387900.0,385600.0,393100.0,389700.0,386200.0,374500.0,382900.0,383100.0,379700.0,385600.0,382800.0,388700.0,379600.0,379400.0,380000.0,380000.0,368200.0,373300.0,378500.0,382500.0,377700.0,385900.0,386500.0,389800.0,388800.0,Bakersfield MSA (Kern County)
987,Civilian Labor Force,24980.0,24730.0,24790.0,24810.0,24930.0,25220.0,24810.0,25210.0,25710.0,25680.0,24850.0,24550.0,24570.0,24800.0,24790.0,24770.0,24860.0,25150.0,24860.0,25330.0,26030.0,25790.0,25190.0,24730.0,25190.0,25260.0,25430.0,25200.0,25270.0,25680.0,25440.0,25650.0,26070.0,26440.0,25600.0,25120.0,25340.0,25600.0,25330.0,25260.0,25290.0,25600.0,25380.0,25410.0,25790.0,26070.0,25510.0,25290.0,25510.0,25520.0,25420.0,25170.0,25320.0,25610.0,25430.0,25510.0,26050.0,26090.0,25740.0,25250.0,25910.0,25970.0,26100.0,25420.0,24860.0,25670.0,25110.0,25660.0,25560.0,26140.0,25360.0,25180.0,25220.0,25530.0,25210.0,25090.0,25330.0,25710.0,25570.0,25810.0,26220.0,26370.0,25910.0,Tehama
1019,Civilian Labor Force,311200.0,312600.0,312800.0,312300.0,318700.0,315100.0,315400.0,315500.0,316500.0,315000.0,313900.0,313600.0,314600.0,317300.0,319500.0,314800.0,319300.0,315900.0,318400.0,319000.0,320800.0,321000.0,319200.0,319800.0,319800.0,321900.0,322600.0,321300.0,326600.0,321700.0,324100.0,326000.0,326600.0,322600.0,322500.0,322400.0,321700.0,325200.0,324500.0,321200.0,325400.0,323500.0,324500.0,324500.0,326400.0,325200.0,323800.0,324300.0,326700.0,327100.0,326900.0,322200.0,327000.0,325900.0,326000.0,326800.0,326600.0,328400.0,327500.0,327100.0,329400.0,330900.0,330500.0,329500.0,334800.0,333900.0,331600.0,331300.0,331000.0,335500.0,330700.0,332700.0,329800.0,334200.0,333400.0,328200.0,333900.0,332600.0,332400.0,334200.0,333600.0,332300.0,330100.0,Stockton Lodi MSA (San Joaquin County)
1075,Civilian Labor Force,540400.0,541400.0,542800.0,541200.0,544700.0,544700.0,548500.0,546400.0,545000.0,546200.0,547100.0,547100.0,547700.0,551100.0,553300.0,549200.0,549900.0,552300.0,557100.0,554800.0,556600.0,556700.0,555900.0,554100.0,556100.0,558300.0,560100.0,554400.0,555100.0,556900.0,562200.0,559100.0,561800.0,559000.0,558700.0,557100.0,556000.0,560100.0,561100.0,557000.0,558600.0,559700.0,564300.0,559400.0,561900.0,561800.0,561900.0,561700.0,560100.0,563000.0,562900.0,555200.0,555800.0,557200.0,563100.0,559800.0,561300.0,559600.0,559500.0,558900.0,557500.0,560000.0,556500.0,533300.0,532300.0,540200.0,539200.0,534100.0,531200.0,540500.0,532900.0,537200.0,534700.0,540700.0,537400.0,529400.0,533000.0,536000.0,541500.0,538000.0,538600.0,541500.0,542600.0,Contra Costa
1111,Civilian Labor Force,140500.0,139400.0,139700.0,139500.0,140300.0,141000.0,138400.0,136100.0,137200.0,139100.0,139300.0,136600.0,138300.0,140100.0,141100.0,139900.0,140600.0,141400.0,138800.0,136800.0,138900.0,140600.0,140300.0,136900.0,138200.0,141300.0,141900.0,141300.0,141200.0,142600.0,141200.0,137600.0,140800.0,140800.0,140200.0,137100.0,138900.0,141300.0,140900.0,140700.0,141400.0,141300.0,139900.0,136800.0,139100.0,141200.0,141100.0,138600.0,139600.0,140000.0,141000.0,140400.0,140900.0,141000.0,139200.0,138200.0,138700.0,139500.0,139900.0,136700.0,138400.0,140000.0,138900.0,129500.0,128100.0,132400.0,131800.0,129400.0,130700.0,133300.0,131200.0,128500.0,130700.0,130400.0,129800.0,128400.0,130100.0,131100.0,130700.0,129500.0,130700.0,132700.0,133700.0,San Luis Obispo Paso Robles Arroyo Grande MSA (San Luis Obispo County)
1150,Civilian Labor Force,1030000.0,1029100.0,1030300.0,1024100.0,1029000.0,1028900.0,1030700.0,1029200.0,1029300.0,1038800.0,1049700.0,1052400.0,1049300.0,1048500.0,1053800.0,1043300.0,1042700.0,1047100.0,1050700.0,1049100.0,1054500.0,1058700.0,1062200.0,1059400.0,1069800.0,1067500.0,1071900.0,1060300.0,1060500.0,1064700.0,1071000.0,1069200.0,1078700.0,1077000.0,1087100.0,1081400.0,1085800.0,1088500.0,1089800.0,1080400.0,1081300.0,1086100.0,1091600.0,1081300.0,1090800.0,1097000.0,1105100.0,1103900.0,1107400.0,1105800.0,1106400.0,1092800.0,1091700.0,1096400.0,1104400.0,1099100.0,1104300.0,1114200.0,1124000.0,1121900.0,1119600.0,1121100.0,1115800.0,1088600.0,1090100.0,1111800.0,1106800.0,1098700.0,1096200.0,1121000.0,1106600.0,1116200.0,1106000.0,1121000.0,1112300.0,1098000.0,1105000.0,1116000.0,1123600.0,1113200.0,1116900.0,1125600.0,1131100.0,Riverside
1187,Civilian Labor Force,76200.0,75600.0,75300.0,76600.0,78000.0,78000.0,78300.0,78000.0,77300.0,76700.0,76000.0,75000.0,75300.0,74400.0,74100.0,74000.0,74700.0,74800.0,75500.0,76100.0,76600.0,76400.0,75700.0,74600.0,74600.0,73400.0,72500.0,70900.0,72100.0,72400.0,70400.0,71900.0,72100.0,72000.0,71700.0,71100.0,71400.0,71100.0,70800.0,69000.0,70500.0,72200.0,70100.0,71900.0,71100.0,71800.0,72400.0,71700.0,73500.0,72600.0,72700.0,70300.0,72600.0,74200.0,72600.0,75300.0,74700.0,75200.0,75600.0,74300.0,72700.0,72000.0,72700.0,72900.0,72000.0,71300.0,68600.0,68200.0,67300.0,67100.0,64800.0,65500.0,65200.0,66300.0,65100.0,65100.0,66600.0,68800.0,68100.0,68700.0,68500.0,68500.0,68000.0,El Centro MSA (Imperial County)
1219,Civilian Labor Force,20310.0,20360.0,20370.0,20470.0,20700.0,20800.0,20830.0,20700.0,20380.0,20500.0,20520.0,20660.0,20670.0,20740.0,20910.0,20640.0,20620.0,20960.0,20980.0,20970.0,21050.0,20790.0,20540.0,20700.0,20740.0,20810.0,20930.0,20860.0,20830.0,21190.0,21370.0,21430.0,21340.0,21170.0,20950.0,20730.0,20740.0,21010.0,20980.0,21030.0,21190.0,21310.0,21610.0,21490.0,21390.0,21230.0,20960.0,21040.0,20880.0,20970.0,21070.0,20960.0,21120.0,21330.0,21730.0,21820.0,21670.0,21550.0,21310.0,21310.0,21500.0,21610.0,21520.0,20510.0,20570.0,21370.0,21410.0,21340.0,21160.0,21370.0,20940.0,21200.0,21160.0,21350.0,21270.0,21080.0,21360.0,21650.0,21970.0,22020.0,21840.0,21640.0,21500.0,Calaveras
1249,Civilian Labor Force,14230.0,14250.0,14310.0,14320.0,14460.0,14510.0,14540.0,14450.0,14350.0,14250.0,14130.0,14000.0,14070.0,14310.0,14440.0,14400.0,14500.0,14750.0,14730.0,14700.0,14860.0,14680.0,14470.0,14390.0,14460.0,14550.0,14680.0,14630.0,14740.0,14900.0,14900.0,14850.0,14970.0,14730.0,14610.0,14410.0,14560.0,14630.0,14600.0,14530.0,14740.0,14760.0,14780.0,14680.0,14750.0,14840.0,14630.0,14540.0,14560.0,14660.0,14740.0,14750.0,14860.0,14930.0,14910.0,15000.0,14960.0,14960.0,14700.0,14590.0,14710.0,14790.0,14830.0,14210.0,14030.0,14510.0,14410.0,14380.0,14280.0,14540.0,14180.0,14230.0,14330.0,14500.0,14430.0,14250.0,14470.0,14660.0,14670.0,14790.0,14660.0,14750.0,14630.0,Amador
1281,Civilian Labor Force,113200.0,114300.0,114200.0,113300.0,114000.0,114800.0,112000.0,114700.0,116600.0,115800.0,113500.0,112500.0,113800.0,114700.0,115200.0,113900.0,114400.0,115000.0,111800.0,114200.0,116500.0,115200.0,114300.0,113000.0,113200.0,116000.0,117300.0,115500.0,116000.0,116000.0,112500.0,114800.0,117500.0,116200.0,114300.0,114200.0,113200.0,116000.0,116400.0,114900.0,116100.0,115800.0,113000.0,114200.0,117000.0,117000.0,114800.0,114800.0,115900.0,117100.0,117500.0,115300.0,116700.0,114900.0,112900.0,114700.0,117300.0,117200.0,115300.0,114400.0,115800.0,116800.0,118800.0,116900.0,114800.0,113800.0,110800.0,112500.0,114300.0,115800.0,113000.0,113700.0,113900.0,116000.0,115200.0,113900.0,116700.0,116400.0,117200.0,117100.0,118300.0,117700.0,114800.0,Merced MSA (Merced County)
1314,Civilian Labor Force,4998700.0,5006800.0,4985300.0,4995700.0,5009100.0,4966500.0,4979600.0,4931900.0,4949900.0,4945000.0,4975700.0,4940800.0,4961600.0,5000500.0,5003700.0,5004100.0,4990500.0,4996900.0,5047700.0,5020800.0,5074800.0,5042900.0,5055900.0,5027600.0,5046600.0,5086000.0,5099500.0,5089400.0,5071700.0,5063300.0,5113500.0,5081100.0,5145600.0,5089700.0,5112400.0,5068100.0,5077300.0,5114800.0,5118300.0,5096700.0,5077900.0,5074700.0,5114700.0,5048300.0,5106100.0,5089100.0,5122300.0,5091500.0,5105400.0,5109100.0,5105900.0,5062700.0,5088000.0,5070600.0,5128900.0,5095100.0,5175300.0,5150800.0,5211000.0,5171300.0,5210600.0,5218500.0,4941300.0,4759300.0,4665800.0,4839200.0,4934900.0,4938500.0,4804900.0,4945600.0,4931400.0,4868000.0,4915800.0,5125300.0,5111300.0,5121300.0,5125100.0,5069700.0,5100900.0,5023400.0,5035100.0,5029300.0,5084300.0,Los Angeles Long Beach Glendale MD (Los Angeles County)
1497,Civilian Labor Force,428600.0,430500.0,431700.0,429500.0,432300.0,432000.0,437800.0,437400.0,437000.0,437600.0,437800.0,438500.0,437100.0,440600.0,442300.0,437700.0,438200.0,439900.0,445700.0,444600.0,445100.0,444000.0,443700.0,442600.0,443100.0,445900.0,445900.0,441900.0,441600.0,442700.0,449100.0,446700.0,448800.0,445500.0,446300.0,445100.0,441700.0,445900.0,446900.0,444100.0,445300.0,447200.0,453100.0,450400.0,452100.0,453100.0,453900.0,453900.0,452300.0,456000.0,456100.0,451700.0,451900.0,453300.0,460600.0,458800.0,460100.0,459100.0,458200.0,457700.0,457000.0,459400.0,455100.0,427500.0,425100.0,430000.0,428600.0,424600.0,421200.0,429600.0,424000.0,424400.0,420900.0,426900.0,426100.0,423400.0,426900.0,432000.0,440700.0,437800.0,439600.0,442300.0,445000.0,San Mateo
1533,Civilian Labor Force,1380.0,1330.0,1310.0,1340.0,1400.0,1410.0,1370.0,1360.0,1400.0,1390.0,1320.0,1340.0,1320.0,1320.0,1340.0,1310.0,1320.0,1390.0,1350.0,1330.0,1390.0,1360.0,1300.0,1290.0,1280.0,1290.0,1290.0,1260.0,1300.0,1320.0,1310.0,1310.0,1330.0,1310.0,1250.0,1250.0,1230.0,1260.0,1260.0,1230.0,1290.0,1330.0,1290.0,1280.0,1310.0,1330.0,1250.0,1260.0,1250.0,1270.0,1280.0,1270.0,1330.0,1350.0,1380.0,1350.0,1400.0,1370.0,1340.0,1340.0,1310.0,1310.0,1300.0,1210.0,1230.0,1300.0,1260.0,1280.0,1310.0,1330.0,1290.0,1270.0,1260.0,1300.0,1300.0,1280.0,1330.0,1390.0,1410.0,1390.0,1410.0,1390.0,1360.0,Sierra
1549,Civilian Labor Force,11100.0,11000.0,10600.0,10570.0,10800.0,10780.0,10570.0,10520.0,10660.0,11370.0,10940.0,10230.0,10710.0,10280.0,10350.0,10310.0,10340.0,10380.0,10160.0,10120.0,10710.0,11070.0,10010.0,9900.0,9890.0,9840.0,9830.0,9920.0,9990.0,9930.0,9960.0,9910.0,10110.0,10830.0,10480.0,9720.0,9870.0,9870.0,9590.0,9610.0,9780.0,9710.0,9730.0,9750.0,9850.0,10520.0,10350.0,9630.0,9930.0,9940.0,9810.0,9540.0,9600.0,9540.0,9490.0,9480.0,9580.0,10240.0,10190.0,9230.0,9400.0,9410.0,9490.0,9330.0,9300.0,9390.0,9300.0,9330.0,9370.0,10040.0,9870.0,9310.0,9450.0,9520.0,9420.0,9480.0,9620.0,9750.0,9680.0,9730.0,9800.0,10340.0,10040.0,Lassen
1579,Civilian Labor Force,100600.0,101200.0,101100.0,100700.0,101800.0,100900.0,100500.0,100700.0,101200.0,101900.0,101200.0,100900.0,100300.0,101300.0,102100.0,101600.0,101900.0,101000.0,101200.0,100800.0,103000.0,102900.0,102400.0,101300.0,101500.0,102100.0,102900.0,102500.0,102400.0,101000.0,101500.0,101400.0,103500.0,102800.0,101900.0,101300.0,100500.0,100900.0,102700.0,102400.0,102400.0,101400.0,102300.0,101000.0,102800.0,103500.0,100900.0,101100.0,99100.0,99800.0,99700.0,98400.0,98400.0,96500.0,95300.0,95900.0,98200.0,98800.0,97800.0,97100.0,96300.0,97000.0,97600.0,92100.0,91400.0,92500.0,90400.0,91300.0,90500.0,92200.0,90300.0,89700.0,91300.0,92600.0,92600.0,91400.0,92000.0,92400.0,93200.0,93200.0,93800.0,94400.0,94000.0,Chico MSA (Butte County)
1611,Civilian Labor Force,202300.0,202300.0,201200.0,205200.0,207100.0,204400.0,205200.0,202200.0,200500.0,196300.0,199700.0,199100.0,203300.0,204700.0,203600.0,207400.0,206400.0,205200.0,204100.0,202900.0,202300.0,199100.0,199600.0,201200.0,203000.0,205700.0,204500.0,210800.0,211600.0,209000.0,203300.0,204300.0,203900.0,198600.0,200600.0,200000.0,201700.0,205400.0,202200.0,204400.0,207400.0,206800.0,201000.0,202700.0,202700.0,198600.0,202000.0,201500.0,203700.0,203600.0,202300.0,203300.0,204800.0,204300.0,200300.0,203100.0,202100.0,199200.0,200100.0,198900.0,204500.0,206000.0,206200.0,201500.0,203900.0,202500.0,196000.0,196800.0,194100.0,195100.0,192100.0,191300.0,195500.0,197500.0,193600.0,197100.0,201100.0,202200.0,199000.0,200000.0,201000.0,199300.0,200300.0,Visalia Porterville MSA (Tulare County)
1650,Civilian Labor Force,103900.0,104000.0,104300.0,103600.0,103900.0,104500.0,105000.0,104200.0,103500.0,104000.0,104200.0,104800.0,105700.0,106500.0,106500.0,105400.0,105300.0,106700.0,107900.0,106800.0,106200.0,105700.0,105300.0,105000.0,106200.0,106500.0,107000.0,106300.0,106300.0,107100.0,107900.0,107000.0,106700.0,106100.0,106200.0,106300.0,106400.0,107500.0,107400.0,106900.0,107200.0,108000.0,109000.0,108100.0,107700.0,107400.0,107200.0,107700.0,108000.0,108500.0,108500.0,107000.0,107200.0,107800.0,109100.0,108500.0,108100.0,108000.0,107200.0,107200.0,107900.0,108500.0,108600.0,101800.0,101400.0,104100.0,105100.0,103900.0,103500.0,106000.0,104500.0,105000.0,105000.0,106500.0,105700.0,105000.0,105600.0,106700.0,107600.0,107100.0,106800.0,107100.0,106800.0,Yolo
1685,Civilian Labor Force,916100.0,916000.0,916200.0,911900.0,914900.0,914600.0,915800.0,914300.0,914900.0,924600.0,934800.0,937700.0,928700.0,928400.0,932200.0,923100.0,922500.0,925100.0,928500.0,926900.0,932000.0,936300.0,940600.0,938600.0,941700.0,940400.0,943800.0,933400.0,933500.0,935500.0,941800.0,940100.0,947700.0,946500.0,956400.0,951500.0,950900.0,954400.0,955300.0,947700.0,948300.0,951900.0,956400.0,946800.0,954700.0,959700.0,967600.0,966900.0,966100.0,965500.0,965600.0,954900.0,953600.0,956300.0,963300.0,958700.0,963400.0,971700.0,981100.0,980000.0,978100.0,980400.0,975700.0,935000.0,937200.0,965300.0,964000.0,960700.0,959900.0,984400.0,972600.0,981200.0,969800.0,984800.0,976800.0,964600.0,970200.0,978600.0,985300.0,977400.0,980500.0,988100.0,993200.0,San Bernardino
1722,Civilian Labor Force,57800.0,57600.0,57800.0,57800.0,58900.0,58100.0,58500.0,57900.0,57300.0,57400.0,56800.0,57000.0,57300.0,57100.0,57600.0,57100.0,57700.0,57500.0,57600.0,57300.0,56800.0,56500.0,56800.0,56700.0,57400.0,57700.0,57300.0,57100.0,57500.0,57700.0,58000.0,57500.0,57100.0,56800.0,56700.0,56800.0,58000.0,58900.0,57900.0,57400.0,57700.0,56900.0,57700.0,57300.0,57000.0,56300.0,57100.0,57700.0,58000.0,58700.0,58200.0,57600.0,58200.0,57400.0,58100.0,57700.0,57700.0,57500.0,57400.0,57300.0,57700.0,58100.0,58200.0,57200.0,57600.0,56400.0,56400.0,55500.0,54800.0,55500.0,54300.0,55500.0,55200.0,56100.0,55100.0,54800.0,56100.0,56100.0,56500.0,56400.0,56200.0,56300.0,55800.0,Hanford-Corcoran MSA (Kings County)
1752,Civilian Labor Force,1577200.0,1582700.0,1581500.0,1573900.0,1578600.0,1580200.0,1588700.0,1581300.0,1584700.0,1593500.0,1595100.0,1594200.0,1589700.0,1600400.0,1602700.0,1584900.0,1587600.0,1588200.0,1600200.0,1591100.0,1602500.0,1608900.0,1608600.0,1604300.0,1600600.0,1607100.0,1606800.0,1595200.0,1597500.0,1598200.0,1612200.0,1605000.0,1619700.0,1613500.0,1614900.0,1610700.0,1609200.0,1621200.0,1620100.0,1607000.0,1609000.0,1607400.0,1622400.0,1607700.0,1619200.0,1624500.0,1624500.0,1620400.0,1617000.0,1625800.0,1622300.0,1604100.0,1604900.0,1603500.0,1617100.0,1604200.0,1616500.0,1617600.0,1615200.0,1609200.0,1609100.0,1617000.0,1598500.0,1525400.0,1517500.0,1547100.0,1544300.0,1526200.0,1521600.0,1554900.0,1535600.0,1542500.0,1520400.0,1545100.0,1542600.0,1536600.0,1554600.0,1567200.0,1590000.0,1577900.0,1582500.0,1588800.0,1593300.0,Anaheim Santa Ana Irvine MD (Orange County)
1856,Civilian Labor Force,43600.0,44100.0,44800.0,44600.0,45100.0,45300.0,46000.0,46100.0,44600.0,44500.0,44000.0,44000.0,43700.0,44500.0,44900.0,44800.0,45100.0,45900.0,46400.0,46300.0,45300.0,44700.0,44300.0,43900.0,43400.0,43600.0,44400.0,44500.0,45400.0,46400.0,46500.0,46800.0,45600.0,44700.0,44300.0,44300.0,43700.0,44500.0,44800.0,44500.0,45100.0,46200.0,46000.0,45900.0,44900.0,44700.0,44000.0,43800.0,44500.0,44800.0,45300.0,44900.0,45400.0,46200.0,46400.0,46600.0,45300.0,46100.0,45100.0,44900.0,45200.0,45800.0,46700.0,46200.0,45600.0,46500.0,46200.0,45600.0,44900.0,45400.0,43700.0,43800.0,43200.0,44200.0,43800.0,44400.0,45500.0,47100.0,47200.0,47200.0,46600.0,46300.0,45700.0,Sutter
1881,Civilian Labor Force,570.0,560.0,540.0,590.0,530.0,520.0,530.0,530.0,530.0,510.0,540.0,650.0,680.0,680.0,660.0,620.0,460.0,490.0,490.0,490.0,490.0,470.0,510.0,600.0,640.0,650.0,630.0,590.0,470.0,480.0,500.0,490.0,480.0,470.0,550.0,640.0,680.0,670.0,640.0,490.0,450.0,470.0,500.0,490.0,480.0,480.0,550.0,660.0,720.0,690.0,670.0,580.0,470.0,490.0,480.0,480.0,470.0,460.0,450.0,520.0,650.0,630.0,640.0,460.0,450.0,460.0,460.0,460.0,460.0,460.0,490.0,600.0,630.0,630.0,610.0,540.0,460.0,470.0,480.0,480.0,480.0,470.0,500.0,Alpine
1897,Civilian Labor Force,1351900.0,1354500.0,1358100.0,1354900.0,1363100.0,1363400.0,1373200.0,1368500.0,1365200.0,1368400.0,1370900.0,1371500.0,1370800.0,1379400.0,1384700.0,1374600.0,1376500.0,1382500.0,1394800.0,1389100.0,1393900.0,1394200.0,1392200.0,1387700.0,1391800.0,1396600.0,1401200.0,1387100.0,1389400.0,1393800.0,1407000.0,1399300.0,1405800.0,1398700.0,1398100.0,1394500.0,1390600.0,1400900.0,1403400.0,1393400.0,1397700.0,1401000.0,1412300.0,1400000.0,1406000.0,1405100.0,1405700.0,1405200.0,1400600.0,1408200.0,1408200.0,1389700.0,1391700.0,1395000.0,1409300.0,1401300.0,1405100.0,1400600.0,1400500.0,1399300.0,1395500.0,1402200.0,1393200.0,1332200.0,1333000.0,1353900.0,1350800.0,1337900.0,1330500.0,1353300.0,1334200.0,1344100.0,1336900.0,1351800.0,1343100.0,1323300.0,1332600.0,1339500.0,1353000.0,1344400.0,1345700.0,1352200.0,1355900.0,Oakland Hayward Berkeley MD (Alameda and Contra Costa Counties)
1987,Civilian Labor Force,534200.0,536800.0,538200.0,535400.0,538800.0,538700.0,545900.0,545500.0,544900.0,545600.0,545800.0,547200.0,549500.0,553700.0,556000.0,550200.0,550800.0,552900.0,560200.0,558800.0,559500.0,558100.0,557800.0,556500.0,561100.0,564100.0,564400.0,559400.0,559000.0,560400.0,568300.0,565500.0,567700.0,563500.0,564500.0,563300.0,559500.0,564700.0,566200.0,562400.0,564200.0,566900.0,574000.0,570600.0,572500.0,573600.0,574700.0,574800.0,574200.0,579200.0,579300.0,573900.0,574000.0,576000.0,584900.0,582800.0,584100.0,583000.0,581700.0,581600.0,580700.0,583900.0,579200.0,550500.0,548900.0,555000.0,553200.0,546600.0,541700.0,550300.0,541000.0,541600.0,536300.0,543600.0,542400.0,539800.0,544200.0,550600.0,561200.0,557300.0,559100.0,562300.0,565600.0,San Francisco
2023,Civilian Labor Force,87800.0,87700.0,87900.0,87600.0,88000.0,88000.0,88300.0,87800.0,87500.0,87900.0,88200.0,88200.0,88500.0,89000.0,89200.0,88200.0,88500.0,88800.0,89400.0,89100.0,89000.0,88800.0,88800.0,88600.0,89600.0,89800.0,89900.0,89300.0,89300.0,89600.0,90200.0,89800.0,90200.0,89900.0,89900.0,89800.0,90300.0,90900.0,90900.0,90300.0,90600.0,90900.0,91600.0,91000.0,91300.0,91500.0,91600.0,91500.0,92500.0,92800.0,92800.0,91300.0,91400.0,91500.0,92500.0,92200.0,92300.0,92400.0,92200.0,91800.0,92200.0,92500.0,92300.0,90800.0,90600.0,90900.0,90200.0,89000.0,89000.0,91100.0,89900.0,90500.0,90600.0,91600.0,90900.0,89600.0,90000.0,90800.0,91600.0,91400.0,91600.0,91900.0,92000.0,El Dorado
2058,Civilian Labor Force,205700.0,207400.0,210500.0,219300.0,224500.0,227500.0,228400.0,228800.0,226500.0,221000.0,215000.0,204600.0,207300.0,210400.0,211800.0,221800.0,224700.0,228300.0,227800.0,226500.0,225300.0,220100.0,214800.0,206800.0,207000.0,209900.0,212800.0,222400.0,225700.0,228500.0,229900.0,227400.0,226500.0,220400.0,217700.0,207500.0,209000.0,215200.0,217200.0,223400.0,228000.0,231100.0,231400.0,227900.0,228000.0,223600.0,218000.0,210700.0,210200.0,213800.0,215300.0,223200.0,228000.0,230200.0,230100.0,227600.0,227200.0,223300.0,217100.0,207900.0,209700.0,212700.0,214900.0,215600.0,216400.0,221300.0,219300.0,217000.0,213300.0,213600.0,205800.0,202000.0,203100.0,206100.0,206700.0,215200.0,221100.0,226500.0,228700.0,227100.0,225100.0,222300.0,217100.0,Salinas MSA (Monterey County)
2102,Civilian Labor Force,1031700.0,1035200.0,1034900.0,1033800.0,1040200.0,1044600.0,1048500.0,1046000.0,1044500.0,1049400.0,1047800.0,1047300.0,1050500.0,1056000.0,1058100.0,1050600.0,1053800.0,1061700.0,1066300.0,1062800.0,1062100.0,1060700.0,1060300.0,1057400.0,1063800.0,1067300.0,1068900.0,1061500.0,1062500.0,1069400.0,1081800.0,1073900.0,1073700.0,1067300.0,1068500.0,1065200.0,1061300.0,1070300.0,1070700.0,1064400.0,1068700.0,1077100.0,1086200.0,1074700.0,1075700.0,1077800.0,1079500.0,1077600.0,1078100.0,1084300.0,1084100.0,1068400.0,1070000.0,1074800.0,1087900.0,1082500.0,1082300.0,1085000.0,1084400.0,1084000.0,1082400.0,1087700.0,1078800.0,1039800.0,1037700.0,1048700.0,1048800.0,1039800.0,1030700.0,1050200.0,1040600.0,1041200.0,1034900.0,1050700.0,1042400.0,1033900.0,1039300.0,1045500.0,1060100.0,1055700.0,1058500.0,1066300.0,1068700.0,San Jose Sunnyvale Santa Clara MSA (San Benito and Santa Clara Counties)
2188,Civilian Labor Force,74700.0,73700.0,73900.0,73700.0,74300.0,74700.0,74100.0,74400.0,74000.0,74400.0,73700.0,73700.0,74200.0,73500.0,74100.0,73900.0,73800.0,75000.0,74100.0,74700.0,74600.0,75100.0,74200.0,73400.0,74400.0,73700.0,73800.0,73700.0,73600.0,74300.0,73900.0,74400.0,74400.0,74400.0,73700.0,73200.0,73900.0,73900.0,73900.0,73000.0,73400.0,74000.0,73800.0,73800.0,74000.0,74700.0,74600.0,73800.0,73100.0,72200.0,73000.0,71900.0,72400.0,72900.0,72300.0,73100.0,73300.0,73900.0,73100.0,72600.0,73600.0,72900.0,73300.0,72500.0,71500.0,73500.0,72100.0,72500.0,72800.0,74200.0,72400.0,72600.0,73400.0,74000.0,73400.0,72500.0,73300.0,74900.0,74100.0,74900.0,74500.0,75300.0,75000.0,Redding MSA (Shasta County)
2220,Civilian Labor Force,429400.0,431200.0,431800.0,429100.0,428800.0,426200.0,423400.0,421000.0,422800.0,427000.0,428100.0,428000.0,424400.0,427600.0,430600.0,426600.0,426400.0,426000.0,424200.0,421300.0,423500.0,425000.0,424300.0,424100.0,423400.0,425600.0,426800.0,425200.0,424200.0,423400.0,422800.0,420200.0,424500.0,423400.0,424600.0,423000.0,421100.0,425500.0,425200.0,424400.0,424700.0,422200.0,422300.0,418400.0,421400.0,423800.0,424200.0,423800.0,421800.0,424600.0,424400.0,421100.0,421100.0,419500.0,421500.0,417900.0,420200.0,421600.0,421300.0,421300.0,419800.0,423500.0,421400.0,404700.0,403900.0,410500.0,405600.0,401500.0,399900.0,407700.0,403600.0,404500.0,402600.0,408700.0,406400.0,405600.0,406900.0,409200.0,412300.0,409300.0,411100.0,411200.0,412300.0,Oxnard Thousand Oaks Ventura MSA (Ventura County)
2278,Civilian Labor Force,12970.0,13010.0,13110.0,12910.0,13060.0,12850.0,12800.0,12950.0,13210.0,13260.0,12750.0,12690.0,12830.0,12970.0,13070.0,12980.0,12940.0,12960.0,12900.0,12880.0,13040.0,13060.0,12860.0,12900.0,12930.0,13000.0,13040.0,12870.0,12780.0,12700.0,12650.0,12700.0,13040.0,12890.0,12580.0,12560.0,12640.0,12910.0,12860.0,12740.0,12730.0,12640.0,12590.0,12600.0,12890.0,13130.0,12660.0,12830.0,12940.0,13120.0,13050.0,12920.0,12890.0,12920.0,12910.0,12950.0,13290.0,13340.0,12790.0,12720.0,12860.0,13130.0,13190.0,12630.0,12570.0,12550.0,12210.0,12280.0,12370.0,12640.0,12170.0,12230.0,12250.0,12510.0,12740.0,12620.0,12960.0,13060.0,13020.0,12750.0,12860.0,12920.0,12500.0,Glenn
2306,Civilian Labor Force,8770.0,8660.0,8510.0,7960.0,7780.0,8120.0,8520.0,8470.0,7910.0,7720.0,7810.0,8650.0,8950.0,8880.0,8770.0,8290.0,7790.0,8210.0,8530.0,8490.0,8110.0,7780.0,7960.0,8630.0,8970.0,9030.0,8820.0,8670.0,8000.0,8390.0,8710.0,8620.0,8370.0,7850.0,7820.0,8640.0,8960.0,8940.0,8740.0,8400.0,7890.0,8350.0,8680.0,8540.0,8180.0,7900.0,7890.0,8650.0,9130.0,8990.0,8930.0,8610.0,8010.0,8250.0,8680.0,8570.0,8330.0,7980.0,7860.0,8720.0,9120.0,9010.0,8740.0,6670.0,6890.0,7480.0,8080.0,7920.0,7730.0,7420.0,7220.0,7870.0,8580.0,8420.0,8150.0,7420.0,7270.0,7630.0,8050.0,9000.0,8430.0,8020.0,7900.0,Mono
2332,Civilian Labor Force,175600.0,175600.0,176000.0,175200.0,176200.0,176700.0,177400.0,176400.0,176000.0,176700.0,177100.0,177100.0,178600.0,179700.0,180100.0,178300.0,178700.0,179800.0,180900.0,180400.0,180400.0,179900.0,179700.0,179300.0,180600.0,181000.0,181300.0,180100.0,180300.0,181300.0,182600.0,181600.0,182500.0,181800.0,181700.0,181500.0,183900.0,184900.0,185000.0,184000.0,184700.0,185600.0,187100.0,185800.0,186500.0,186500.0,186800.0,186700.0,188800.0,189400.0,189400.0,186800.0,187200.0,187500.0,189400.0,188800.0,189200.0,189400.0,188900.0,188000.0,188700.0,189500.0,188900.0,182100.0,181300.0,184100.0,184400.0,182500.0,182100.0,186300.0,184100.0,184700.0,184500.0,186700.0,185300.0,183100.0,183900.0,185700.0,187300.0,186800.0,186800.0,187500.0,188100.0,Placer
2367,Civilian Labor Force,72000.0,72800.0,73100.0,74000.0,75000.0,74900.0,74800.0,75000.0,75400.0,74200.0,72400.0,71100.0,71000.0,72500.0,72500.0,73000.0,73600.0,73800.0,74300.0,73900.0,74300.0,74000.0,71600.0,70700.0,71300.0,72600.0,73300.0,73000.0,74000.0,74600.0,75300.0,74600.0,75600.0,73000.0,71600.0,70600.0,71600.0,73500.0,73300.0,73400.0,74700.0,75100.0,75500.0,74500.0,75400.0,75000.0,72500.0,70900.0,71100.0,72800.0,73100.0,72300.0,74000.0,74600.0,75300.0,74600.0,74900.0,74500.0,71500.0,69900.0,70500.0,72500.0,71700.0,66300.0,68300.0,70000.0,69600.0,68400.0,67900.0,68900.0,66100.0,66100.0,66900.0,68800.0,68500.0,67800.0,69800.0,70600.0,71500.0,71200.0,71300.0,70900.0,68600.0,Napa MSA (Napa County)
2406,Civilian Labor Force,1541000.0,1543600.0,1544200.0,1536400.0,1547700.0,1548000.0,1559500.0,1551600.0,1547600.0,1553400.0,1557500.0,1555000.0,1551000.0,1561400.0,1564800.0,1551400.0,1554900.0,1560600.0,1572300.0,1567300.0,1570500.0,1569600.0,1570200.0,1565000.0,1570500.0,1574300.0,1572300.0,1562600.0,1562000.0,1569400.0,1579800.0,1572000.0,1579700.0,1573100.0,1576600.0,1570100.0,1572100.0,1582100.0,1582400.0,1571200.0,1573100.0,1579600.0,1589600.0,1575200.0,1579800.0,1582200.0,1585800.0,1583900.0,1586700.0,1590300.0,1587400.0,1568300.0,1569000.0,1573300.0,1585800.0,1576100.0,1579400.0,1583100.0,1583600.0,1577700.0,1577100.0,1585600.0,1573600.0,1512700.0,1507200.0,1537000.0,1535400.0,1518700.0,1512100.0,1541800.0,1524000.0,1535100.0,1518700.0,1548500.0,1534000.0,1515100.0,1519700.0,1527800.0,1545400.0,1536300.0,1537800.0,1555100.0,1563700.0,San Diego Carlsbad MSA (San Diego County)
2511,Civilian Labor Force,62000.0,62500.0,62500.0,62200.0,62800.0,62300.0,61700.0,61600.0,62600.0,62400.0,62900.0,62000.0,61800.0,62600.0,63100.0,62700.0,62700.0,62500.0,61500.0,61700.0,62900.0,63000.0,62500.0,62000.0,62000.0,63000.0,62900.0,62700.0,62900.0,62500.0,61500.0,61700.0,63100.0,62900.0,62600.0,62400.0,61400.0,62300.0,62500.0,62500.0,62900.0,62400.0,61600.0,61800.0,63200.0,63500.0,63500.0,63000.0,62100.0,62600.0,62800.0,62100.0,62200.0,61800.0,61200.0,61300.0,62400.0,62600.0,62400.0,61800.0,61100.0,61800.0,62000.0,58900.0,58200.0,59000.0,58200.0,58000.0,58700.0,59600.0,58700.0,58900.0,58800.0,59700.0,59900.0,59200.0,59800.0,59900.0,59600.0,59900.0,60600.0,60700.0,60600.0,Humboldt
2545,Civilian Labor Force,71100.0,71600.0,72500.0,72100.0,72900.0,73100.0,73900.0,74300.0,72300.0,72300.0,71700.0,71800.0,71600.0,72600.0,73200.0,72700.0,73000.0,74300.0,74600.0,74800.0,73800.0,72900.0,72300.0,71900.0,72100.0,72300.0,73400.0,73300.0,74100.0,75300.0,75200.0,75600.0,74500.0,73400.0,72900.0,72800.0,72600.0,73600.0,74100.0,73500.0,74300.0,75700.0,75300.0,75500.0,74300.0,74000.0,73100.0,72900.0,74100.0,74400.0,75100.0,74200.0,74700.0,75800.0,76000.0,76600.0,75100.0,76300.0,75200.0,75000.0,75400.0,76200.0,77300.0,76300.0,75600.0,76800.0,76400.0,75500.0,74700.0,75500.0,73100.0,73300.0,72100.0,73800.0,72900.0,73700.0,75200.0,77600.0,77600.0,77600.0,77200.0,76800.0,76100.0,Yuba City MSA (Sutter and Yuba Counties)
2575,Civilian Labor Force,4940.0,4950.0,4960.0,5000.0,5220.0,5380.0,5370.0,5470.0,5300.0,5130.0,5030.0,4950.0,4820.0,4900.0,5010.0,4870.0,4990.0,5190.0,5110.0,5270.0,5140.0,5010.0,4840.0,4770.0,4720.0,4810.0,4740.0,4660.0,4860.0,5080.0,4980.0,5110.0,4880.0,4740.0,4590.0,4510.0,4450.0,4530.0,4510.0,4570.0,4710.0,4930.0,4870.0,4960.0,4780.0,4690.0,4610.0,4510.0,4540.0,4520.0,4520.0,4600.0,4750.0,4930.0,4830.0,4850.0,4680.0,4630.0,4480.0,4380.0,4390.0,4430.0,4500.0,4370.0,4380.0,4610.0,4610.0,4710.0,4640.0,4590.0,4470.0,4460.0,4400.0,4470.0,4420.0,4430.0,4590.0,4800.0,4790.0,4900.0,4740.0,4630.0,4520.0,Trinity
2597,Civilian Labor Force,28820.0,29130.0,29150.0,29160.0,29620.0,29260.0,28710.0,29680.0,28900.0,28510.0,28570.0,28580.0,28700.0,29110.0,29190.0,28910.0,29240.0,29150.0,28680.0,29560.0,29380.0,29190.0,28870.0,28820.0,29370.0,29490.0,29790.0,29270.0,29380.0,29320.0,29260.0,29940.0,29630.0,29130.0,28590.0,28700.0,29140.0,29530.0,29500.0,28850.0,29030.0,29230.0,28860.0,29090.0,29030.0,29050.0,28740.0,28810.0,29110.0,29360.0,29200.0,29100.0,29150.0,29260.0,28710.0,29190.0,29010.0,28910.0,28500.0,28580.0,28620.0,28920.0,28730.0,27960.0,27810.0,28180.0,27780.0,28320.0,28410.0,28590.0,27810.0,28060.0,28660.0,29090.0,29150.0,28710.0,29380.0,29670.0,29330.0,29650.0,29260.0,28790.0,28340.0,Lake
2627,Civilian Labor Force,1946200.0,1945000.0,1946500.0,1936100.0,1943900.0,1943400.0,1946500.0,1943500.0,1944200.0,1963400.0,1984500.0,1990100.0,1978000.0,1977000.0,1986000.0,1966400.0,1965200.0,1972100.0,1979200.0,1976000.0,1986400.0,1995000.0,2002800.0,1998000.0,2011500.0,2007900.0,2015700.0,1993800.0,1994000.0,2000200.0,2012800.0,2009300.0,2026400.0,2023500.0,2043500.0,2032800.0,2036700.0,2043000.0,2045200.0,2028100.0,2029600.0,2037900.0,2048100.0,2028100.0,2045500.0,2056700.0,2072700.0,2070800.0,2073500.0,2071400.0,2072000.0,2047700.0,2045300.0,2052700.0,2067600.0,2057800.0,2067700.0,2085900.0,2105100.0,2102000.0,2097700.0,2101500.0,2091500.0,2023600.0,2027300.0,2077200.0,2070900.0,2059400.0,2056100.0,2105400.0,2079200.0,2097400.0,2075800.0,2105800.0,2089100.0,2062600.0,2075200.0,2094600.0,2108900.0,2090700.0,2097400.0,2113700.0,2124300.0,Riverside San Bernardino Ontario MSA (Riverside and San Bernardino Counties)
2724,Civilian Labor Force,17760.0,17730.0,17740.0,17570.0,17950.0,18380.0,18120.0,18330.0,18090.0,17990.0,17530.0,17400.0,17670.0,17670.0,17800.0,17540.0,17530.0,18120.0,18310.0,18280.0,18130.0,18190.0,17960.0,17560.0,17500.0,17630.0,17690.0,17670.0,17810.0,18280.0,18090.0,18080.0,18220.0,18070.0,17460.0,17090.0,16920.0,17170.0,17280.0,17160.0,17270.0,17870.0,17770.0,17700.0,17440.0,17930.0,17210.0,16690.0,16980.0,16930.0,16900.0,16800.0,16990.0,17480.0,17900.0,17560.0,17500.0,17560.0,16850.0,16460.0,16950.0,16970.0,17090.0,16710.0,16550.0,17220.0,17080.0,16940.0,16960.0,17320.0,16810.0,16470.0,16500.0,16640.0,16640.0,16600.0,16860.0,16920.0,17340.0,17260.0,17230.0,17330.0,16940.0,Siskiyou
2756,Civilian Labor Force,60900.0,61600.0,59600.0,59200.0,60000.0,60200.0,59300.0,60200.0,60200.0,58800.0,58200.0,59600.0,61700.0,62700.0,61200.0,61100.0,61300.0,60500.0,60000.0,61000.0,61900.0,60900.0,59900.0,60400.0,62100.0,62200.0,61100.0,60400.0,61200.0,61200.0,60400.0,60800.0,61800.0,60100.0,59800.0,60400.0,61900.0,63600.0,61500.0,59800.0,61500.0,61400.0,60400.0,60300.0,61900.0,61100.0,60100.0,61800.0,63200.0,63700.0,62300.0,61000.0,62400.0,62200.0,61400.0,62100.0,62600.0,60600.0,61200.0,62600.0,63300.0,64200.0,62900.0,59900.0,61800.0,62100.0,60700.0,61700.0,60800.0,61000.0,60400.0,62100.0,62600.0,63300.0,61700.0,60000.0,63300.0,63100.0,61600.0,62600.0,62500.0,61500.0,61100.0,Madera MSA (Madera County)
