,County,Year,Employment,Labor Force,Unemployment,Unemployment Rate,Opioid Death Rate,Opioid Death
0,Alameda,2015,779891.6666666666,819016.6666666666,39108.333333333336,4.7749999999999995,2.73,50.0
1,Alameda,2016,796025.0,831816.6666666666,35791.666666666664,4.324999999999999,2.18,39.0
2,Alameda,2017,807658.3333333334,838700.0,31041.666666666668,3.6999999999999993,1.36,25.0
3,Alameda,2018,815691.6666666666,841483.3333333334,25783.333333333332,3.0666666666666664,2.28,42.0
4,Alameda,2019,815883.3333333334,841083.3333333334,25191.666666666668,3.0,4.33,78.0
5,Alameda,2020,742416.6666666666,813800.0,71383.33333333333,8.825000000000001,7.74,138.0
6,Alpine,2015,508.3333333333333,550.0,40.833333333333336,7.416666666666665,0.0,0.0
7,Alpine,2016,519.1666666666666,553.3333333333334,38.333333333333336,6.566666666666666,0.0,0.0
8,Alpine,2017,515.8333333333334,549.1666666666666,35.833333333333336,6.308333333333334,0.0,0.0
9,Alpine,2018,524.1666666666666,546.6666666666666,24.166666666666668,4.675,0.0,0.0
10,Alpine,2019,512.5,540.0,30.0,5.383333333333334,0.0,0.0
11,Alpine,2020,460.0,518.3333333333334,59.166666666666664,11.924999999999997,0.0,0.0
12,Amador,2015,13365.0,14316.666666666666,950.8333333333334,6.641666666666668,3.75,2.0
13,Amador,2016,13658.333333333334,14525.0,867.5,5.966666666666668,12.23,4.0
14,Amador,2017,13969.166666666666,14702.5,735.8333333333334,5.008333333333332,2.71,2.0
15,Amador,2018,14068.333333333334,14670.0,601.6666666666666,4.091666666666668,2.9,1.0
16,Amador,2019,14217.5,14801.666666666666,584.1666666666666,3.941666666666667,7.81,5.0
17,Amador,2020,13105.833333333334,14425.0,1317.5,9.166666666666666,13.07,4.0
18,Orange,2015,1513066.6666666667,1584300.0,71233.33333333333,4.516666666666667,5.41,186.0
19,Orange,2016,1532708.3333333333,1597425.0,64725.0,4.041666666666667,6.06,210.0
20,Orange,2017,1550058.3333333333,1606783.3333333333,56708.333333333336,3.516666666666667,5.28,180.0
21,Orange,2018,1567975.0,1616050.0,48066.666666666664,2.9666666666666663,5.43,185.0
22,Orange,2019,1567225.0,1613116.6666666667,45866.666666666664,2.8333333333333335,6.28,212.0
23,Orange,2020,1416741.6666666667,1553308.3333333333,136575.0,8.866666666666665,14.13,459.0
24,Kern,2015,350050.0,390158.3333333333,40091.666666666664,10.283333333333335,6.12,53.0
25,Kern,2016,347708.3333333333,388108.3333333333,40416.666666666664,10.425,4.51,41.0
26,Kern,2017,348725.0,384341.6666666667,35600.0,9.283333333333331,5.98,52.0
27,Kern,2018,354516.6666666667,385825.0,31333.333333333332,8.133333333333333,8.75,77.0
28,Kern,2019,357450.0,388141.6666666667,30675.0,7.908333333333334,9.95,91.0
29,Kern,2020,335708.3333333333,383775.0,48066.666666666664,12.550000000000002,21.0,193.0
30,Calaveras,2015,19231.666666666668,20550.0,1318.3333333333333,6.441666666666667,14.25,7.0
31,Calaveras,2016,19615.0,20797.5,1182.5,5.691666666666666,13.17,5.0
32,Calaveras,2017,20028.333333333332,21029.166666666668,1000.8333333333334,4.75,0.86,1.0
33,Calaveras,2018,20305.0,21165.0,858.3333333333334,4.066666666666666,6.43,2.0
34,Calaveras,2019,20485.0,21310.0,825.8333333333334,3.883333333333334,4.74,3.0
35,Calaveras,2020,19588.333333333332,21208.333333333332,1620.0,7.658333333333332,7.0,2.0
36,Butte,2015,93766.66666666667,101058.33333333333,7300.0,7.2250000000000005,6.51,16.0
37,Butte,2016,94925.0,101650.0,6750.0,6.641666666666668,4.96,13.0
38,Butte,2017,96125.0,102066.66666666667,5950.0,5.841666666666668,6.26,13.0
39,Butte,2018,96633.33333333333,101825.0,5191.666666666667,5.075,5.34,15.0
40,Butte,2019,92858.33333333333,97916.66666666667,5050.0,5.166666666666667,3.98,8.0
41,Butte,2020,84083.33333333333,92608.33333333333,8508.333333333334,9.233333333333333,5.19,13.0
42,Colusa,2015,9342.5,11052.5,1709.1666666666667,15.583333333333336,0.0,0.0
43,Colusa,2016,9206.666666666666,10908.333333333334,1702.5,15.633333333333335,6.8,2.0
44,Colusa,2017,9275.0,10825.0,1551.6666666666667,14.4,0.0,0.0
45,Colusa,2018,9410.833333333334,10852.5,1441.6666666666667,13.283333333333331,0.0,0.0
46,Colusa,2019,9549.166666666666,10975.0,1426.6666666666667,13.024999999999999,15.66,3.0
47,Colusa,2020,8825.0,10500.833333333334,1675.8333333333333,15.866666666666662,14.72,3.0
48,Contra Costa,2015,517066.6666666667,544625.0,27575.0,5.066666666666667,3.21,38.0
49,Contra Costa,2016,528408.3333333334,553225.0,24808.333333333332,4.483333333333333,3.14,39.0
50,Contra Costa,2017,536666.6666666666,558233.3333333334,21583.333333333332,3.858333333333334,3.32,40.0
51,Contra Costa,2018,542200.0,560291.6666666666,18075.0,3.233333333333334,5.55,67.0
52,Contra Costa,2019,542125.0,559700.0,17583.333333333332,3.1333333333333333,6.61,76.0
53,Contra Costa,2020,493241.6666666667,541241.6666666666,48033.333333333336,8.916666666666668,11.45,130.0
54,Del Norte,2015,9010.833333333334,9856.666666666666,846.6666666666666,8.599999999999998,4.41,1.0
55,Del Norte,2016,9019.166666666666,9756.666666666666,736.6666666666666,7.550000000000001,11.01,3.0
56,Del Norte,2017,9074.166666666666,9703.333333333334,629.1666666666666,6.474999999999999,8.46,3.0
57,Del Norte,2018,9154.166666666666,9713.333333333334,560.0,5.766666666666666,0.0,0.0
58,Del Norte,2019,9055.0,9617.5,565.0,5.875,4.67,1.0
59,Del Norte,2020,8467.5,9350.0,884.1666666666666,9.499999999999998,9.01,3.0
60,Imperial,2015,57875.0,76750.0,18891.666666666668,24.59166666666667,2.64,4.0
61,Imperial,2016,57016.666666666664,75183.33333333333,18175.0,24.183333333333337,1.87,3.0
62,Imperial,2017,57933.333333333336,72091.66666666667,14175.0,19.64166666666667,0.48,1.0
63,Imperial,2018,57750.0,71166.66666666667,13400.0,18.833333333333332,3.08,5.0
64,Imperial,2019,58250.0,73633.33333333333,15375.0,20.849999999999998,5.23,9.0
65,Imperial,2020,53950.0,69591.66666666667,15658.333333333334,22.425,12.43,21.0
66,El Dorado,2015,82850.0,87908.33333333333,5050.0,5.741666666666667,2.7,5.0
67,El Dorado,2016,84241.66666666667,88825.0,4575.0,5.141666666666666,4.7,7.0
68,El Dorado,2017,85816.66666666667,89775.0,3958.3333333333335,4.3999999999999995,1.85,3.0
69,El Dorado,2018,87708.33333333333,91033.33333333333,3333.3333333333335,3.6500000000000004,2.73,5.0
70,El Dorado,2019,88833.33333333333,92141.66666666667,3300.0,3.5749999999999997,3.4,6.0
71,El Dorado,2020,83266.66666666667,90750.0,7483.333333333333,8.275,11.72,22.0
72,Fresno,2015,395175.0,440316.6666666667,45133.333333333336,10.241666666666667,6.01,55.0
73,Fresno,2016,402366.6666666667,444733.3333333333,42366.666666666664,9.525,6.37,62.0
74,Fresno,2017,406558.3333333333,444766.6666666667,38225.0,8.583333333333334,3.79,39.0
75,Fresno,2018,412341.6666666667,446250.0,33941.666666666664,7.6000000000000005,3.43,34.0
76,Fresno,2019,417308.3333333333,450500.0,33191.666666666664,7.375,3.95,39.0
77,Fresno,2020,395266.6666666667,445508.3333333333,50266.666666666664,11.291666666666666,6.14,62.0
78,Glenn,2015,11828.333333333334,12964.166666666666,1137.5,8.783333333333335,2.59,1.0
79,Glenn,2016,11868.333333333334,12949.166666666666,1082.5,8.366666666666665,3.39,1.0
80,Glenn,2017,11847.5,12811.666666666666,965.0,7.516666666666666,0.0,0.0
81,Glenn,2018,11925.833333333334,12768.333333333334,842.5,6.591666666666666,0.0,0.0
82,Glenn,2019,12175.833333333334,12986.666666666666,811.6666666666666,6.233333333333334,0.0,0.0
83,Glenn,2020,11455.833333333334,12569.166666666666,1113.3333333333333,8.858333333333333,10.47,2.0
84,Kings,2015,51633.333333333336,57741.666666666664,6100.0,10.575000000000001,3.42,5.0
85,Kings,2016,51441.666666666664,57166.666666666664,5691.666666666667,9.983333333333334,2.75,4.0
86,Kings,2017,52166.666666666664,57300.0,5133.333333333333,8.958333333333334,4.52,6.0
87,Kings,2018,52958.333333333336,57491.666666666664,4550.0,7.908333333333334,2.08,3.0
88,Kings,2019,53183.333333333336,57816.666666666664,4633.333333333333,8.024999999999999,1.06,2.0
89,Kings,2020,49891.666666666664,56433.333333333336,6550.0,11.566666666666668,6.6,9.0
90,Humboldt,2015,58775.0,62291.666666666664,3500.0,5.625,12.59,18.0
91,Humboldt,2016,59333.333333333336,62416.666666666664,3091.6666666666665,4.95,16.4,25.0
92,Humboldt,2017,59883.333333333336,62516.666666666664,2641.6666666666665,4.233333333333333,15.49,21.0
93,Humboldt,2018,60258.333333333336,62550.0,2275.0,3.65,9.36,13.0
94,Humboldt,2019,59825.0,62108.333333333336,2275.0,3.6666666666666665,13.96,18.0
95,Humboldt,2020,54450.0,59425.0,4958.333333333333,8.416666666666666,15.88,21.0
96,Inyo,2015,8553.333333333334,9082.5,530.0,5.833333333333333,0.0,0.0
97,Inyo,2016,8390.0,8860.0,469.1666666666667,5.291666666666667,14.93,2.0
98,Inyo,2017,8231.666666666666,8611.666666666666,380.0,4.408333333333332,3.19,1.0
99,Inyo,2018,8363.333333333334,8705.0,340.8333333333333,3.916666666666666,17.77,3.0
100,Inyo,2019,8438.333333333334,8752.5,315.0,3.591666666666667,14.47,2.0
101,Inyo,2020,7658.333333333333,8305.0,648.3333333333334,7.8500000000000005,22.03,3.0
102,Lake,2015,26789.166666666668,29007.5,2216.6666666666665,7.633333333333334,26.92,19.0
103,Lake,2016,27108.333333333332,29066.666666666668,1959.1666666666667,6.75,11.52,9.0
104,Lake,2017,27617.5,29322.5,1706.6666666666667,5.808333333333334,14.11,11.0
105,Lake,2018,27527.5,29071.666666666668,1545.8333333333333,5.325,18.52,18.0
106,Lake,2019,27507.5,29006.666666666668,1498.3333333333333,5.150000000000001,21.86,15.0
107,Lake,2020,25566.666666666668,28265.833333333332,2699.1666666666665,9.591666666666667,16.18,11.0
108,Lassen,2015,9978.333333333334,10761.666666666666,782.5,7.2749999999999995,10.51,4.0
109,Lassen,2016,9640.833333333334,10361.666666666666,720.8333333333334,6.95,19.86,7.0
110,Lassen,2017,9474.166666666666,10034.166666666666,557.5,5.583333333333332,13.91,5.0
111,Lassen,2018,9376.666666666666,9855.0,477.5,4.8500000000000005,9.28,3.0
112,Lassen,2019,9260.0,9714.166666666666,455.8333333333333,4.691666666666667,16.33,5.0
113,Lassen,2020,8785.0,9461.666666666666,678.3333333333334,7.166666666666667,13.49,5.0
114,Los Angeles,2015,4641041.666666667,4973750.0,332708.3333333333,6.683333333333334,1.91,205.0
115,Los Angeles,2016,4751208.333333333,5018916.666666667,267716.6666666667,5.325,2.44,266.0
116,Los Angeles,2017,4843700.0,5088908.333333333,245216.66666666666,4.8166666666666655,3.0,331.0
117,Los Angeles,2018,4857333.333333333,5094308.333333333,236975.0,4.666666666666667,3.54,385.0
118,Los Angeles,2019,4888575.0,5122841.666666667,234258.33333333334,4.558333333333333,5.28,554.0
119,Los Angeles,2020,4291675.0,4921500.0,629816.6666666666,12.933333333333335,10.56,1099.0
120,Madera,2015,53483.333333333336,59816.666666666664,6333.333333333333,10.566666666666668,5.71,10.0
121,Madera,2016,55416.666666666664,61050.0,5658.333333333333,9.275,5.94,10.0
122,Madera,2017,55966.666666666664,60958.333333333336,4991.666666666667,8.174999999999999,3.75,6.0
123,Madera,2018,56900.0,61275.0,4383.333333333333,7.133333333333334,2.43,4.0
124,Madera,2019,57741.666666666664,62108.333333333336,4350.0,7.0,7.79,12.0
125,Madera,2020,55100.0,61741.666666666664,6650.0,10.79166666666667,4.31,6.0
126,Mariposa,2015,7438.333333333333,8011.666666666667,577.5,7.274999999999999,4.56,1.0
127,Mariposa,2016,7048.333333333333,7567.5,520.0,6.925000000000001,2.22,1.0
128,Mariposa,2017,7208.333333333333,7659.166666666667,450.8333333333333,5.974999999999999,5.51,1.0
129,Mariposa,2018,7240.0,7650.833333333333,411.6666666666667,5.408333333333332,0.0,0.0
130,Mariposa,2019,7267.5,7620.833333333333,355.0,4.691666666666667,23.4,4.0
131,Mariposa,2020,6380.833333333333,7162.5,780.0,10.924999999999999,3.87,1.0
132,Mendocino,2015,37500.833333333336,39829.166666666664,2330.8333333333335,5.866666666666667,8.38,7.0
133,Mendocino,2016,37520.833333333336,39617.5,2095.8333333333335,5.291666666666667,11.13,13.0
134,Mendocino,2017,37763.333333333336,39561.666666666664,1800.8333333333333,4.541666666666666,14.46,13.0
135,Mendocino,2018,37870.0,39456.666666666664,1586.6666666666667,4.033333333333333,12.39,13.0
136,Mendocino,2019,37092.5,38654.166666666664,1560.0,4.041666666666667,16.82,15.0
137,Mendocino,2020,33722.5,37015.833333333336,3293.3333333333335,8.933333333333334,23.45,18.0
138,Merced,2015,101033.33333333333,114075.0,13025.0,11.433333333333335,8.02,19.0
139,Merced,2016,102216.66666666667,114333.33333333333,12133.333333333334,10.6,9.34,22.0
140,Merced,2017,104400.0,115291.66666666667,10891.666666666666,9.458333333333334,4.29,12.0
141,Merced,2018,105525.0,115266.66666666667,9741.666666666666,8.449999999999998,6.21,17.0
142,Merced,2019,106225.0,115766.66666666667,9541.666666666666,8.233333333333333,6.75,17.0
143,Merced,2020,100758.33333333333,114750.0,13975.0,12.191666666666668,9.34,27.0
144,Stanislaus,2015,217966.66666666666,240991.66666666666,23008.333333333332,9.55,3.45,18.0
145,Stanislaus,2016,221766.66666666666,242750.0,20983.333333333332,8.633333333333333,1.78,10.0
146,Stanislaus,2017,223883.33333333334,242133.33333333334,18241.666666666668,7.533333333333332,2.45,13.0
147,Stanislaus,2018,227250.0,243091.66666666666,15833.333333333334,6.508333333333333,4.63,28.0
148,Stanislaus,2019,227525.0,242441.66666666666,14925.0,6.158333333333332,6.34,34.0
149,Stanislaus,2020,214883.33333333334,240641.66666666666,25750.0,10.725,12.45,68.0
150,Modoc,2015,3019.1666666666665,3302.5,284.1666666666667,8.658333333333333,7.16,1.0
151,Modoc,2016,3035.0,3291.6666666666665,258.3333333333333,7.875,0.0,0.0
152,Modoc,2017,2934.1666666666665,3195.8333333333335,262.5,8.200000000000001,23.58,3.0
153,Modoc,2018,2915.8333333333335,3155.8333333333335,239.16666666666666,7.666666666666665,0.0,0.0
154,Modoc,2019,2945.8333333333335,3175.8333333333335,228.33333333333334,7.266666666666667,0.0,0.0
155,Modoc,2020,2899.1666666666665,3170.0,271.6666666666667,8.549999999999999,0.0,0.0
156,Mono,2015,7732.5,8240.0,508.3333333333333,6.199999999999999,0.0,0.0
157,Mono,2016,7914.166666666667,8365.833333333334,451.6666666666667,5.400000000000001,0.0,0.0
158,Mono,2017,8112.5,8490.833333333334,380.0,4.4833333333333325,0.0,0.0
159,Mono,2018,8082.5,8426.666666666666,343.3333333333333,4.075,0.0,0.0
160,Mono,2019,8183.333333333333,8505.0,320.0,3.7833333333333337,0.0,0.0
161,Mono,2020,6917.5,7845.833333333333,928.3333333333334,12.458333333333334,0.0,0.0
162,Napa,2015,70291.66666666667,73725.0,3433.3333333333335,4.6499999999999995,3.95,5.0
163,Napa,2016,69808.33333333333,72933.33333333333,3158.3333333333335,4.308333333333333,0.0,0.0
164,Napa,2017,70583.33333333333,73291.66666666667,2691.6666666666665,3.6583333333333337,0.0,0.0
165,Napa,2018,71575.0,73783.33333333333,2191.6666666666665,2.983333333333333,1.34,3.0
166,Napa,2019,71058.33333333333,73216.66666666667,2116.6666666666665,2.9,2.29,3.0
167,Napa,2020,62850.0,68858.33333333333,6025.0,8.8,3.96,6.0
168,Nevada,2015,45387.5,48006.666666666664,2620.8333333333335,5.458333333333333,1.3,2.0
169,Nevada,2016,45839.166666666664,48145.833333333336,2309.1666666666665,4.800000000000001,5.88,5.0
170,Nevada,2017,46321.666666666664,48320.833333333336,2000.0,4.141666666666667,3.73,4.0
171,Nevada,2018,46851.666666666664,48565.833333333336,1713.3333333333333,3.516666666666666,2.43,3.0
172,Nevada,2019,46746.666666666664,48393.333333333336,1646.6666666666667,3.391666666666667,7.69,7.0
173,Nevada,2020,42787.5,46490.0,3701.6666666666665,8.058333333333334,28.21,26.0
174,Ventura,2015,402975.0,427233.3333333333,24258.333333333332,5.675,2.88,29.0
175,Ventura,2016,403083.3333333333,425333.3333333333,22266.666666666668,5.233333333333333,3.0,27.0
176,Ventura,2017,404741.6666666667,423925.0,19175.0,4.525,7.34,64.0
177,Ventura,2018,406816.6666666667,423083.3333333333,16266.666666666666,3.8416666666666663,8.52,73.0
178,Ventura,2019,405891.6666666667,421358.3333333333,15491.666666666666,3.6750000000000003,7.5,68.0
179,Ventura,2020,373900.0,408883.3333333333,34958.333333333336,8.591666666666667,14.6,120.0
180,Placer,2015,167358.33333333334,176333.33333333334,8983.333333333334,5.1000000000000005,3.08,12.0
181,Placer,2016,171566.66666666666,179650.0,8075.0,4.483333333333333,2.71,10.0
182,Placer,2017,174291.66666666666,181358.33333333334,7050.0,3.891666666666666,3.15,12.0
183,Placer,2018,179658.33333333334,185625.0,5966.666666666667,3.216666666666667,1.37,6.0
184,Placer,2019,182616.66666666666,188566.66666666666,5958.333333333333,3.166666666666666,5.04,21.0
185,Placer,2020,171316.66666666666,184891.66666666666,13575.0,7.375,10.59,38.0
186,Plumas,2015,7077.5,7890.833333333333,815.8333333333334,10.416666666666666,31.3,4.0
187,Plumas,2016,7085.0,7850.833333333333,765.0,9.850000000000001,0.0,0.0
188,Plumas,2017,7075.0,7769.166666666667,695.0,9.041666666666668,2.0,1.0
189,Plumas,2018,7220.833333333333,7816.666666666667,596.6666666666666,7.716666666666666,18.11,2.0
190,Plumas,2019,7260.833333333333,7878.333333333333,615.8333333333334,7.925,11.77,2.0
191,Plumas,2020,6753.333333333333,7559.166666666667,807.5,10.683333333333332,6.28,1.0
192,Shasta,2015,68316.66666666667,74108.33333333333,5783.333333333333,7.824999999999999,4.86,9.0
193,Shasta,2016,69016.66666666667,74216.66666666667,5191.666666666667,7.000000000000001,3.91,9.0
194,Shasta,2017,69633.33333333333,73958.33333333333,4316.666666666667,5.8500000000000005,8.96,15.0
195,Shasta,2018,70175.0,73900.0,3725.0,5.033333333333332,2.65,4.0
196,Shasta,2019,69291.66666666667,72816.66666666667,3525.0,4.833333333333333,7.98,13.0
197,Shasta,2020,66475.0,72825.0,6333.333333333333,8.716666666666667,10.01,17.0
198,Riverside,2015,963825.0,1033458.3333333334,69641.66666666667,6.733333333333333,2.82,70.0
199,Riverside,2016,987183.3333333334,1051608.3333333333,64425.0,6.133333333333334,2.41,61.0
200,Riverside,2017,1014925.0,1071591.6666666667,56666.666666666664,5.283333333333333,2.94,72.0
201,Riverside,2018,1041483.3333333334,1090133.3333333333,48641.666666666664,4.45,3.08,76.0
202,Riverside,2019,1058716.6666666667,1105700.0,47000.0,4.25,6.88,172.0
203,Riverside,2020,997716.6666666666,1107708.3333333333,109991.66666666667,9.958333333333334,12.89,323.0
204,Sacramento,2015,643291.6666666666,684583.3333333334,41275.0,6.033333333333334,1.74,28.0
205,Sacramento,2016,656366.6666666666,693958.3333333334,37625.0,5.433333333333334,2.44,40.0
206,Sacramento,2017,664191.6666666666,696941.6666666666,32750.0,4.691666666666666,2.38,39.0
207,Sacramento,2018,676783.3333333334,704191.6666666666,27400.0,3.8916666666666675,3.45,52.0
208,Sacramento,2019,683550.0,710158.3333333334,26616.666666666668,3.741666666666666,5.95,95.0
209,Sacramento,2020,641625.0,707191.6666666666,65558.33333333333,9.291666666666666,5.27,82.0
210,Monterey,2015,200458.33333333334,218266.66666666666,17833.333333333332,8.258333333333335,1.34,6.0
211,Monterey,2016,201983.33333333334,218800.0,16825.0,7.766666666666668,0.85,4.0
212,Monterey,2017,203775.0,219641.66666666666,15866.666666666666,7.308333333333333,0.66,3.0
213,Monterey,2018,207691.66666666666,221958.33333333334,14258.333333333334,6.491666666666666,0.86,4.0
214,Monterey,2019,207083.33333333334,221158.33333333334,14066.666666666666,6.416666666666667,2.7,12.0
215,Monterey,2020,190375.0,213466.66666666666,23083.333333333332,10.783333333333333,5.34,23.0
216,San Benito,2015,27483.333333333332,29750.0,2266.6666666666665,7.608333333333333,3.43,2.0
217,San Benito,2016,28383.333333333332,30450.0,2033.3333333333333,6.7,1.64,1.0
218,San Benito,2017,28841.666666666668,30608.333333333332,1775.0,5.825,4.88,3.0
219,San Benito,2018,29608.333333333332,31208.333333333332,1591.6666666666667,5.108333333333333,3.22,2.0
220,San Benito,2019,30633.333333333332,32250.0,1625.0,5.05,7.98,5.0
221,San Benito,2020,28391.666666666668,31516.666666666668,3116.6666666666665,9.883333333333335,5.19,3.0
222,San Bernardino,2015,859750.0,919316.6666666666,59558.333333333336,6.491666666666666,1.0,21.0
223,San Bernardino,2016,876383.3333333334,930241.6666666666,53866.666666666664,5.783333333333334,0.96,21.0
224,San Bernardino,2017,895883.3333333334,942691.6666666666,46808.333333333336,4.966666666666668,1.56,34.0
225,San Bernardino,2018,915666.6666666666,955050.0,39375.0,4.125,2.46,52.0
226,San Bernardino,2019,927375.0,965016.6666666666,37633.333333333336,3.8916666666666675,4.58,99.0
227,San Bernardino,2020,874916.6666666666,966208.3333333334,91300.0,9.491666666666667,10.97,242.0
228,San Diego,2015,1467683.3333333333,1548791.6666666667,81116.66666666667,5.241666666666666,4.93,179.0
229,San Diego,2016,1489141.6666666667,1563250.0,74116.66666666667,4.741666666666666,4.92,175.0
230,San Diego,2017,1508216.6666666667,1571866.6666666667,63641.666666666664,4.041666666666667,6.02,220.0
231,San Diego,2018,1526358.3333333333,1579750.0,53383.333333333336,3.3749999999999996,5.45,196.0
232,San Diego,2019,1528291.6666666667,1580058.3333333333,51791.666666666664,3.266666666666667,6.46,227.0
233,San Diego,2020,1396541.6666666667,1538358.3333333333,141816.66666666666,9.275,13.69,477.0
234,San Francisco,2015,521566.6666666667,541416.6666666666,19841.666666666668,3.6750000000000003,7.55,74.0
235,San Francisco,2016,536975.0,555333.3333333334,18341.666666666668,3.3000000000000003,6.87,70.0
236,San Francisco,2017,546825.0,563433.3333333334,16600.0,2.9499999999999997,6.78,70.0
237,San Francisco,2018,554975.0,568675.0,13700.0,2.4,11.77,116.0
238,San Francisco,2019,566600.0,579558.3333333334,12975.0,2.2416666666666667,23.15,240.0
239,San Francisco,2020,512516.6666666667,556050.0,43516.666666666664,7.900000000000001,41.94,419.0
240,San Luis Obispo,2015,132291.66666666666,138925.0,6608.333333333333,4.7749999999999995,7.49,22.0
241,San Luis Obispo,2016,133450.0,139475.0,6041.666666666667,4.333333333333333,2.08,7.0
242,San Luis Obispo,2017,135266.66666666666,140350.0,5083.333333333333,3.6250000000000004,2.36,7.0
243,San Luis Obispo,2018,135866.66666666666,140100.0,4233.333333333333,3.016666666666667,2.7,8.0
244,San Luis Obispo,2019,135508.33333333334,139591.66666666666,4083.3333333333335,2.9166666666666665,4.09,11.0
245,San Luis Obispo,2020,122500.0,132683.33333333334,10200.0,7.758333333333334,16.3,45.0
246,San Mateo,2015,419325.0,434225.0,14916.666666666666,3.4499999999999997,2.1,18.0
247,San Mateo,2016,428291.6666666667,441791.6666666667,13500.0,3.0666666666666664,2.15,18.0
248,San Mateo,2017,433008.3333333333,445216.6666666667,12191.666666666666,2.7416666666666667,4.36,37.0
249,San Mateo,2018,438816.6666666667,448966.6666666667,10150.0,2.2583333333333333,4.49,36.0
250,San Mateo,2019,446783.3333333333,456316.6666666667,9541.666666666666,2.1,7.26,60.0
251,San Mateo,2020,404116.6666666667,433875.0,29741.666666666668,6.949999999999999,9.53,77.0
252,Marin,2015,133708.33333333334,138683.33333333334,4975.0,3.5749999999999997,1.5,3.0
253,Marin,2016,135041.66666666666,139641.66666666666,4600.0,3.283333333333333,4.05,9.0
254,Marin,2017,135683.33333333334,139725.0,4041.6666666666665,2.891666666666666,4.08,9.0
255,Marin,2018,136275.0,139708.33333333334,3416.6666666666665,2.4583333333333335,2.15,5.0
256,Marin,2019,135308.33333333334,138575.0,3275.0,2.358333333333334,6.41,15.0
257,Marin,2020,121475.0,130133.33333333333,8658.333333333334,6.766666666666666,12.8,29.0
258,Santa Clara,2015,969950.0,1012208.3333333334,42266.666666666664,4.191666666666667,2.31,48.0
259,Santa Clara,2016,989058.3333333334,1027916.6666666666,38875.0,3.7833333333333328,2.22,48.0
260,Santa Clara,2017,1004383.3333333334,1038016.6666666666,33650.0,3.233333333333333,2.36,49.0
261,Santa Clara,2018,1014783.3333333334,1042458.3333333334,27683.333333333332,2.658333333333333,2.12,45.0
262,Santa Clara,2019,1021583.3333333334,1048216.6666666666,26633.333333333332,2.533333333333333,2.62,57.0
263,Santa Clara,2020,949358.3333333334,1020700.0,71325.0,7.025000000000001,6.07,121.0
264,Santa Cruz,2015,132433.33333333334,143191.66666666666,10791.666666666666,7.533333333333332,5.65,16.0
265,Santa Cruz,2016,133741.66666666666,143775.0,10025.0,6.991666666666667,6.12,18.0
266,Santa Cruz,2017,134508.33333333334,142691.66666666666,8183.333333333333,5.75,3.6,11.0
267,Santa Cruz,2018,134191.66666666666,141275.0,7083.333333333333,5.025,4.24,11.0
268,Santa Cruz,2019,134083.33333333334,141100.0,7008.333333333333,4.9750000000000005,6.61,19.0
269,Santa Cruz,2020,120925.0,133658.33333333334,12708.333333333334,9.533333333333333,6.75,17.0
270,Santa Barbara,2015,205591.66666666666,217158.33333333334,11583.333333333334,5.333333333333333,4.66,21.0
271,Santa Barbara,2016,204333.33333333334,215250.0,10925.0,5.075,3.92,16.0
272,Santa Barbara,2017,205283.33333333334,215108.33333333334,9808.333333333334,4.5666666666666655,4.31,20.0
273,Santa Barbara,2018,206666.66666666666,215241.66666666666,8558.333333333334,3.966666666666667,2.78,14.0
274,Santa Barbara,2019,214108.33333333334,222275.0,8175.0,3.6750000000000003,3.79,18.0
275,Santa Barbara,2020,200166.66666666666,217516.66666666666,17341.666666666668,8.0,3.0,14.0
276,Sonoma,2015,246033.33333333334,257658.33333333334,11633.333333333334,4.508333333333334,3.72,21.0
277,Sonoma,2016,248883.33333333334,259233.33333333334,10350.0,4.0,3.58,19.0
278,Sonoma,2017,251100.0,259941.66666666666,8850.0,3.408333333333333,3.1,16.0
279,Sonoma,2018,253341.66666666666,260625.0,7283.333333333333,2.8000000000000003,6.41,31.0
280,Sonoma,2019,250025.0,257083.33333333334,7050.0,2.7583333333333333,12.14,61.0
281,Sonoma,2020,225783.33333333334,245091.66666666666,19300.0,7.916666666666667,23.42,110.0
282,Sierra,2015,1241.6666666666667,1362.5,120.83333333333333,8.799999999999999,0.0,0.0
283,Sierra,2016,1232.5,1335.0,101.66666666666667,7.633333333333333,0.0,0.0
284,Sierra,2017,1205.8333333333333,1291.6666666666667,85.83333333333333,6.566666666666666,0.0,0.0
285,Sierra,2018,1199.1666666666667,1276.6666666666667,76.66666666666667,6.108333333333333,0.0,0.0
286,Sierra,2019,1255.8333333333333,1327.5,73.33333333333333,5.4750000000000005,0.0,0.0
287,Sierra,2020,1179.1666666666667,1283.3333333333333,103.33333333333333,8.066666666666666,0.0,0.0
288,Siskiyou,2015,16200.0,17882.5,1685.8333333333333,9.433333333333335,16.32,7.0
289,Siskiyou,2016,16370.833333333334,17896.666666666668,1526.6666666666667,8.558333333333334,15.13,7.0
290,Siskiyou,2017,16495.833333333332,17799.166666666668,1302.5,7.333333333333332,9.97,4.0
291,Siskiyou,2018,16188.333333333334,17367.5,1179.1666666666667,6.8083333333333345,3.62,2.0
292,Siskiyou,2019,16028.333333333334,17159.166666666668,1129.1666666666667,6.616666666666668,5.98,2.0
293,Siskiyou,2020,15288.333333333334,16922.5,1638.3333333333333,9.683333333333332,19.37,7.0
294,San Joaquin,2015,286266.6666666667,314383.3333333333,28116.666666666668,8.941666666666668,4.61,35.0
295,San Joaquin,2016,292366.6666666667,318300.0,25941.666666666668,8.141666666666667,6.04,47.0
296,San Joaquin,2017,300416.6666666667,323175.0,22766.666666666668,7.050000000000001,7.08,53.0
297,San Joaquin,2018,304266.6666666667,324183.3333333333,19925.0,6.125,2.08,16.0
298,San Joaquin,2019,306908.3333333333,326516.6666666667,19608.333333333332,6.0,4.01,30.0
299,San Joaquin,2020,294450.0,331816.6666666667,37375.0,11.266666666666666,10.36,79.0
300,Sutter,2015,39925.0,44725.0,4808.333333333333,10.758333333333333,0.0,0.0
301,Sutter,2016,40625.0,44983.333333333336,4375.0,9.741666666666665,4.36,4.0
302,Sutter,2017,41050.0,44991.666666666664,3933.3333333333335,8.8,1.26,1.0
303,Sutter,2018,41416.666666666664,44841.666666666664,3450.0,7.691666666666666,5.26,5.0
304,Sutter,2019,42058.333333333336,45458.333333333336,3400.0,7.483333333333333,1.71,2.0
305,Sutter,2020,40483.333333333336,45466.666666666664,4983.333333333333,10.950000000000001,7.75,8.0
306,Tehama,2015,23028.333333333332,25022.5,1990.8333333333333,7.949999999999999,2.87,3.0
307,Tehama,2016,23281.666666666668,25072.5,1790.8333333333333,7.158333333333335,1.04,1.0
308,Tehama,2017,23894.166666666668,25529.166666666668,1638.3333333333333,6.416666666666665,0.0,0.0
309,Tehama,2018,24018.333333333332,25489.166666666668,1470.0,5.766666666666667,3.52,2.0
310,Tehama,2019,24094.166666666668,25551.666666666668,1457.5,5.7,1.02,1.0
311,Tehama,2020,23316.666666666668,25578.333333333332,2262.5,8.866666666666665,1.04,1.0
312,Trinity,2015,4739.166666666667,5141.666666666667,401.6666666666667,7.858333333333333,6.95,2.0
313,Trinity,2016,4640.0,4993.333333333333,355.8333333333333,7.124999999999999,6.7,1.0
314,Trinity,2017,4505.833333333333,4806.666666666667,300.8333333333333,6.250000000000001,4.34,1.0
315,Trinity,2018,4405.833333333333,4676.666666666667,270.0,5.825,7.47,2.0
316,Trinity,2019,4385.833333333333,4642.5,260.8333333333333,5.583333333333332,19.65,2.0
317,Trinity,2020,4156.666666666667,4513.333333333333,360.8333333333333,7.991666666666666,0.0,0.0
318,Tuolumne,2015,20006.666666666668,21533.333333333332,1527.5,7.075,20.21,11.0
319,Tuolumne,2016,20220.0,21567.5,1346.6666666666667,6.233333333333333,7.45,5.0
320,Tuolumne,2017,20223.333333333332,21383.333333333332,1161.6666666666667,5.425000000000001,8.71,4.0
321,Tuolumne,2018,20194.166666666668,21189.166666666668,995.0,4.7,0.0,0.0
322,Tuolumne,2019,19967.5,20930.833333333332,965.0,4.6,1.6,2.0
323,Tuolumne,2020,17954.166666666668,20039.166666666668,2085.0,10.441666666666668,2.64,1.0
324,Solano,2015,192225.0,204866.66666666666,12633.333333333334,6.166666666666667,2.94,13.0
325,Solano,2016,195816.66666666666,207283.33333333334,11433.333333333334,5.508333333333333,2.93,13.0
326,Solano,2017,198083.33333333334,208083.33333333334,10000.0,4.816666666666666,1.69,7.0
327,Solano,2018,200758.33333333334,209058.33333333334,8300.0,3.958333333333334,3.49,17.0
328,Solano,2019,200083.33333333334,208058.33333333334,8008.333333333333,3.8416666666666663,6.21,28.0
329,Solano,2020,183591.66666666666,202800.0,19208.333333333332,9.508333333333331,8.06,35.0
330,Tulare,2015,178483.33333333334,202125.0,23641.666666666668,11.700000000000001,0.7,3.0
331,Tulare,2016,180508.33333333334,203316.66666666666,22791.666666666668,11.216666666666667,2.15,10.0
332,Tulare,2017,183075.0,204608.33333333334,21516.666666666668,10.525,1.04,4.0
333,Tulare,2018,183100.0,203033.33333333334,19966.666666666668,9.808333333333332,1.5,6.0
334,Tulare,2019,182233.33333333334,202141.66666666666,19916.666666666668,9.841666666666667,2.52,12.0
335,Tulare,2020,172841.66666666666,199166.66666666666,26291.666666666668,13.183333333333332,8.04,38.0
336,Yolo,2016,99800.0,106083.33333333333,6266.666666666667,5.908333333333332,3.67,8.0
337,Yolo,2017,101158.33333333333,106633.33333333333,5475.0,5.141666666666667,3.19,7.0
338,Yolo,2018,102900.0,107541.66666666667,4650.0,4.316666666666667,0.89,2.0
339,Yolo,2019,103383.33333333333,107925.0,4525.0,4.191666666666666,2.49,6.0
340,Yolo,2020,97108.33333333333,105025.0,7908.333333333333,7.566666666666666,2.96,8.0
341,Yuba,2016,25716.666666666668,28150.0,2450.0,8.641666666666667,3.72,2.0
342,Yuba,2017,26583.333333333332,28733.333333333332,2150.0,7.4750000000000005,7.63,5.0
343,Yuba,2018,27341.666666666668,29233.333333333332,1883.3333333333333,6.466666666666668,4.45,3.0
344,Yuba,2019,27900.0,29725.0,1841.6666666666667,6.2250000000000005,7.95,6.0
345,Yuba,2020,26883.333333333332,30041.666666666668,3150.0,10.533333333333333,7.35,6.0
